name,carac,coef,term_col,deg
AC,cell,2.26737076304262,preterm,11
ALLANTOINDEG.PWY..superpathway.of.allantoin.degradation.in.yeast,pathway,1.10758844735675,preterm,1
ANAEROFRUCAT.PWY..homolactic.fermentation,pathway,-0.140571338493925,term,31
ANAGLYCOLYSIS.PWY..glycolysis.III..from.glucose.,pathway,0.105928401580851,preterm,73
ARG.POLYAMINE.SYN..superpathway.of.arginine.and.polyamine.biosynthesis,pathway,-0.62295065000672,term,127
ARGDEG.PWY..superpathway.of.L.arginine..putrescine..and.4.aminobutanoate.degradation,pathway,1.82915440126688,preterm,76
ARGININE.SYN4.PWY..L.ornithine.biosynthesis.II,pathway,-0.115230335269297,term,60
ARGSYN.PWY..L.arginine.biosynthesis.I..via.L.ornithine.,pathway,0.3944882771407,preterm,107
ARGSYNBSUB.PWY..L.arginine.biosynthesis.II..acetyl.cycle.,pathway,0.36926346037763,preterm,135
ARO.PWY..chorismate.biosynthesis.I,pathway,0.111977837439508,preterm,83
ASPASN.PWY..superpathway.of.L.aspartate.and.L.asparagine.biosynthesis,pathway,-0.454634251378857,term,153
AST.PWY..L.arginine.degradation.II..AST.pathway.,pathway,-1.11167908470462,term,165
BC,cell,1.92673286518925,preterm,5
BIOTIN.BIOSYNTHESIS.PWY..biotin.biosynthesis.I,pathway,-0.821527768893095,term,152
BRANCHED.CHAIN.AA.SYN.PWY..superpathway.of.branched.chain.amino.acid.biosynthesis,pathway,0.114627900416862,preterm,65
Bifidobacterium_bifidum.t__SGB17256,species,4.02387219546376,preterm,50
Bifidobacterium_breve.t__SGB17247,species,4.87879288553466,preterm,10
Bifidobacterium_longum.t__SGB17248,species,5.92353171091991,preterm,3
Bifidobacterium_pseudocatenulatum.t__SGB17237,species,6.47539723499363,preterm,4
CALVIN.PWY..Calvin.Benson.Bassham.cycle,pathway,0.0983441547769748,preterm,44
CARNMET.PWY..L.carnitine.degradation.I,pathway,-0.0418109671960639,term,40
CATECHOL.ORTHO.CLEAVAGE.PWY..catechol.degradation.to..beta..ketoadipate,pathway,-4.37742244683535,term,118
CENTFERM.PWY..pyruvate.fermentation.to.butanoate,pathway,-10.9893602320228,term,6
CITRULBIO.PWY..L.citrulline.biosynthesis,pathway,-0.505115246556667,term,48
COA.PWY..coenzyme.A.biosynthesis.I..prokaryotic.,pathway,0.23284287573326,preterm,113
COA.PWY.1..superpathway.of.coenzyme.A.biosynthesis.III..mammals.,pathway,0.260639364338371,preterm,121
COBALSYN.PWY..superpathway.of.adenosylcobalamin.salvage.from.cobinamide.I,pathway,-1.20310559018687,term,137
COLANSYN.PWY..colanic.acid.building.blocks.biosynthesis,pathway,-0.890947907874002,term,21
COMPLETE.ARO.PWY..superpathway.of.aromatic.amino.acid.biosynthesis,pathway,0.10453640690426,preterm,85
Citrobacter_freundii.t__SGB10083,species,37.9782294551658,preterm,5
Clostridium_neonatale.t__SGB6169,species,7.57730217375566,preterm,15
Clostridium_paraputrificum.t__SGB6187,species,-6.38210802092369,term,4
Clostridium_perfringens.t__SGB6191,species,1.17396107626034,preterm,5
Cutibacterium_avidum.t__SGB16953,species,-1.00469171418202,term,5
DAPLYSINESYN.PWY..L.lysine.biosynthesis.I,pathway,-0.316202876482983,term,51
DARABCATK12.PWY..D.arabinose.degradation.I,pathway,0.637100800643135,preterm,29
DENITRIFICATION.PWY..nitrate.reduction.I..denitrification.,pathway,0.911055047115558,preterm,2
DENOVOPURINE2.PWY..superpathway.of.purine.nucleotides.de.novo.biosynthesis.II,pathway,-0.874281046684579,term,79
DTDPRHAMSYN.PWY..dTDP..beta..L.rhamnose.biosynthesis,pathway,1.06250379934665,preterm,77
ECASYN.PWY..enterobacterial.common.antigen.biosynthesis,pathway,-1.43800434936455,term,95
Enterobacter_asburiae.t__SGB10141,species,-15.2345007877521,term,19
Enterobacter_hormaechei.t__SGB10130,species,-12.4524686233958,term,11
Enterococcus_faecalis.t__SGB7962,species,-0.00263512783431948,term,13
Escherichia_coli.t__SGB10068,species,13.3541343924552,preterm,86
FAO.PWY..fatty.acid..beta..oxidation.I..generic.,pathway,-0.527271630121119,term,143
FASYN.ELONG.PWY..fatty.acid.elongation....saturated,pathway,-0.648242956794352,term,149
FASYN.INITIAL.PWY..superpathway.of.fatty.acid.biosynthesis.initiation..E..coli.,pathway,3.21313523522404,preterm,80
FERMENTATION.PWY..mixed.acid.fermentation,pathway,-0.849190178868067,term,159
FOLSYN.PWY..superpathway.of.tetrahydrofolate.biosynthesis.and.salvage,pathway,1.80356684792525,preterm,62
FUC.RHAMCAT.PWY..superpathway.of.fucose.and.rhamnose.degradation,pathway,-1.39112432825964,term,168
FUCCAT.PWY..fucose.degradation,pathway,-1.5395389771284,term,164
Finegoldia_magna.t__SGB6686_group,species,-8.20403976922949,term,3
GALACT.GLUCUROCAT.PWY..superpathway.of.hexuronide.and.hexuronate.degradation,pathway,1.49621341264453,preterm,71
GALACTARDEG.PWY..D.galactarate.degradation.I,pathway,-1.39332607754695,term,172
GALACTITOLCAT.PWY..galactitol.degradation,pathway,3.34684838789054,preterm,36
GALACTUROCAT.PWY..D.galacturonate.degradation.I,pathway,0.579945108290191,preterm,63
GLCMANNANAUT.PWY..superpathway.of.N.acetylglucosamine..N.acetylmannosamine.and.N.acetylneuraminate.degradation,pathway,-0.765337515860852,term,65
GLUCARDEG.PWY..D.glucarate.degradation.I,pathway,-0.73067012511917,term,169
GLUCARGALACTSUPER.PWY..superpathway.of.D.glucarate.and.D.galactarate.degradation,pathway,-1.39332607754695,term,172
GLUCONEO.PWY..gluconeogenesis.I,pathway,-0.377406811422486,term,103
GLUCOSE1PMETAB.PWY..glucose.and.glucose.1.phosphate.degradation,pathway,-0.681981177627905,term,60
GLUCUROCAT.PWY..superpathway.of..beta..D.glucuronosides.degradation,pathway,2.91918404812235,preterm,89
GLUDEG.I.PWY..GABA.shunt,pathway,0.0923510258250813,preterm,37
GLUTORN.PWY..L.ornithine.biosynthesis.I,pathway,0.0434452152257153,preterm,50
GLYCOCAT.PWY..glycogen.degradation.I,pathway,-0.326463438930655,term,34
GLYCOGENSYNTH.PWY..glycogen.biosynthesis.I..from.ADP.D.Glucose.,pathway,-0.387032977729287,term,52
GLYCOL.GLYOXDEG.PWY..superpathway.of.glycol.metabolism.and.degradation,pathway,-0.247943803583049,term,35
GLYCOLYSIS..glycolysis.I..from.glucose.6.phosphate.,pathway,0.00895206307679688,preterm,43
GLYCOLYSIS.E.D..superpathway.of.glycolysis.and.the.Entner.Doudoroff.pathway,pathway,-0.273517338207319,term,131
GLYCOLYSIS.TCA.GLYOX.BYPASS..superpathway.of.glycolysis..pyruvate.dehydrogenase..TCA..and.glyoxylate.bypass,pathway,-0.888255063717166,term,54
GLYOXYLATE.BYPASS..glyoxylate.cycle,pathway,-0.956282673961046,term,170
GOLPDLCAT.PWY..superpathway.of.glycerol.degradation.to.1.3.propanediol,pathway,-1.86761094124674,term,98
HCAMHPDEG.PWY..3.phenylpropanoate.and.3..3.hydroxyphenyl.propanoate.degradation.to.2.hydroxypentadienoate,pathway,-0.333645721198272,term,119
HEME.BIOSYNTHESIS.II..heme.b.biosynthesis.I..aerobic.,pathway,-0.509578872345138,term,111
HEME.BIOSYNTHESIS.II.1..heme.b.biosynthesis.V..aerobic.,pathway,-0.659866169018744,term,164
HEMESYN2.PWY..heme.b.biosynthesis.II..oxygen.independent.,pathway,-0.54200195632763,term,151
HEXITOLDEGSUPER.PWY..superpathway.of.hexitol.degradation..bacteria.,pathway,2.104500722892,preterm,30
HISDEG.PWY..L.histidine.degradation.I,pathway,-1.12209726283468,term,71
HISTSYN.PWY..L.histidine.biosynthesis,pathway,0.170684317206468,preterm,137
HOMOSER.METSYN.PWY..L.methionine.biosynthesis.I,pathway,-0.967017951823829,term,151
HSERMETANA.PWY..L.methionine.biosynthesis.III,pathway,0.678075645254195,preterm,134
Haemophilus_parainfluenzae.t__SGB9663_group,species,1.48589800853503,preterm,3
ILEUSYN.PWY..L.isoleucine.biosynthesis.I..from.threonine.,pathway,0.14430934615931,preterm,70
KDO.NAGLIPASYN.PWY..superpathway.of..Kdo.2.lipid.A.biosynthesis,pathway,4.24022924925163,preterm,59
KETOGLUCONMET.PWY..ketogluconate.metabolism,pathway,-0.800677532611357,term,30
Klebsiella_michiganensis.t__SGB10119,species,3.95046432658456,preterm,5
Klebsiella_pneumoniae.t__SGB10115,species,3.54704010579337,preterm,60
LACTOSECAT.PWY..lactose.and.galactose.degradation.I,pathway,1.52225427563339,preterm,90
LIPA.CORESYN.PWY..lipid.A.core.biosynthesis..E..coli.K.12.,pathway,-4.28991361537355,term,61
LIPASYN.PWY..phospholipases,pathway,-0.795012209209625,term,146
LPSSYN.PWY..superpathway.of.lipopolysaccharide.biosynthesis,pathway,-2.57874549434508,term,59
MET.SAM.PWY..superpathway.of.S.adenosyl.L.methionine.biosynthesis,pathway,-0.801379760280654,term,137
METHGLYUT.PWY..superpathway.of.methylglyoxal.degradation,pathway,-1.73304978187473,term,100
METSYN.PWY..superpathway.of.L.homoserine.and.L.methionine.biosynthesis,pathway,-0.86146538857453,term,142
NAD.BIOSYNTHESIS.II..NAD.salvage.pathway.III..to.nicotinamide.riboside.,pathway,-1.96946731833341,term,86
NAGLIPASYN.PWY..lipid.IVA.biosynthesis..E..coli.,pathway,-0.898308759833452,term,173
NONMEVIPP.PWY..methylerythritol.phosphate.pathway.I,pathway,0.253696932348359,preterm,103
NONOXIPENT.PWY..pentose.phosphate.pathway..non.oxidative.branch..I,pathway,-0.0514776719800312,term,48
OANTIGEN.PWY..O.antigen.building.blocks.biosynthesis..E..coli.,pathway,0.822439176175126,preterm,45
ORNARGDEG.PWY..superpathway.of.L.arginine.and.L.ornithine.degradation,pathway,1.82915440126688,preterm,76
ORNDEG.PWY..superpathway.of.ornithine.degradation,pathway,-0.120384372603505,term,142
P105.PWY..TCA.cycle.IV..2.oxoglutarate.decarboxylase.,pathway,-1.59121654426674,term,143
P108.PWY..pyruvate.fermentation.to.propanoate.I,pathway,-3.67779277039262,term,95
P122.PWY..heterolactic.fermentation,pathway,-1.8896488010241,term,114
P124.PWY..Bifidobacterium.shunt,pathway,1.77990715339468,preterm,13
P125.PWY..superpathway.of..R.R..butanediol.biosynthesis,pathway,3.91549423051314,preterm,51
P161.PWY..acetylene.degradation..anaerobic.,pathway,-2.05440398475744,term,141
P164.PWY..purine.nucleobases.degradation.I..anaerobic.,pathway,-0.291389805342176,term,23
P185.PWY..formaldehyde.assimilation.III..dihydroxyacetone.cycle.,pathway,-1.90183873965593,term,93
P221.PWY..octane.oxidation,pathway,-0.922423679549132,term,84
P23.PWY..reductive.TCA.cycle.I,pathway,0.335804813327605,preterm,79
P4.PWY..superpathway.of.L.lysine..L.threonine.and.L.methionine.biosynthesis.I,pathway,-0.832861981214471,term,111
P41.PWY..pyruvate.fermentation.to.acetate.and..S..lactate.I,pathway,-0.464843043221063,term,77
P42.PWY..incomplete.reductive.TCA.cycle,pathway,2.00283236723547,preterm,58
P441.PWY..superpathway.of.N.acetylneuraminate.degradation,pathway,-0.904247618040627,term,106
P461.PWY..hexitol.fermentation.to.lactate..formate..ethanol.and.acetate,pathway,-0.902385637599857,term,174
P562.PWY..myo.inositol.degradation.I,pathway,0.0525828334151583,preterm,30
P621.PWY..nylon.6.oligomer.degradation,pathway,-2.16297277439926,term,11
PANTO.PWY..phosphopantothenate.biosynthesis.I,pathway,-0.301582070535099,term,26
PANTOSYN.PWY..superpathway.of.coenzyme.A.biosynthesis.I..bacteria.,pathway,-0.0739547808937726,term,45
PC,cell,1.29623547638098,preterm,7
PENTOSE.P.PWY..pentose.phosphate.pathway,pathway,-0.224824071793517,term,61
PEPTIDOGLYCANSYN.PWY..peptidoglycan.biosynthesis.I..meso.diaminopimelate.containing.,pathway,0.426836505837752,preterm,137
PHOSLIPSYN.PWY..superpathway.of.phospholipid.biosynthesis.I..bacteria.,pathway,-0.289040971192763,term,135
POLYAMSYN.PWY..superpathway.of.polyamine.biosynthesis.I,pathway,-0.905347162560883,term,145
POLYISOPRENSYN.PWY..polyisoprenoid.biosynthesis..E..coli.,pathway,-0.845523629438345,term,130
PPGPPMET.PWY..ppGpp.metabolism,pathway,-1.07139911101978,term,97
PROTOCATECHUATE.ORTHO.CLEAVAGE.PWY..protocatechuate.degradation.II..ortho.cleavage.pathway.,pathway,-1.96028798262049,term,91
PRPP.PWY..superpathway.of.histidine..purine..and.pyrimidine.biosynthesis,pathway,-1.42108953367175,term,97
PWY.1042..glycolysis.IV,pathway,0.0290853626598928,preterm,65
PWY.1269..CMP.3.deoxy.D.manno.octulosonate.biosynthesis,pathway,-1.10971111409421,term,176
PWY.1622..formaldehyde.assimilation.I..serine.pathway.,pathway,3.72494145230511,preterm,9
PWY.1861..formaldehyde.assimilation.II..assimilatory.RuMP.Cycle.,pathway,0.601738829308962,preterm,28
PWY.2221..Entner.Doudoroff.pathway.III..semi.phosphorylative.,pathway,0.461459701363626,preterm,1
PWY.241..C4.photosynthetic.carbon.assimilation.cycle..NADP.ME.type,pathway,0.942030286577735,preterm,88
PWY.2941..L.lysine.biosynthesis.II,pathway,0.60263026084473,preterm,69
PWY.2942..L.lysine.biosynthesis.III,pathway,1.10648969360178,preterm,13
PWY.3001..superpathway.of.L.isoleucine.biosynthesis.I,pathway,-0.0301096027002746,term,69
PWY.3801..sucrose.degradation.II..sucrose.synthase.,pathway,2.04569019908052,preterm,42
PWY.3841..folate.transformations.II..plants.,pathway,0.185732254572004,preterm,141
PWY.4041...gamma..glutamyl.cycle,pathway,-0.334985502153023,term,26
PWY.4984..urea.cycle,pathway,-4.7605380054667,term,42
PWY.5005..biotin.biosynthesis.II,pathway,3.05075880123317,preterm,48
PWY.5028..L.histidine.degradation.II,pathway,-1.87477586644266,term,13
PWY.5030..L.histidine.degradation.III,pathway,1.69902283966981,preterm,6
PWY.5097..L.lysine.biosynthesis.VI,pathway,0.21305221669225,preterm,106
PWY.5100..pyruvate.fermentation.to.acetate.and.lactate.II,pathway,-0.51995971502172,term,72
PWY.5103..L.isoleucine.biosynthesis.III,pathway,-8.80585497369791e-05,term,63
PWY.5121..superpathway.of.geranylgeranyl.diphosphate.biosynthesis.II..via.MEP.,pathway,0.888197962305537,preterm,33
PWY.5130..2.oxobutanoate.degradation.I,pathway,0.251158645616617,preterm,15
PWY.5136..fatty.acid..beta..oxidation.II..plant.peroxisome.,pathway,-0.630849215308585,term,161
PWY.5138..fatty.acid..beta..oxidation.IV..unsaturated..even.number.,pathway,-0.845281807876782,term,109
PWY.5154..L.arginine.biosynthesis.III..via.N.acetyl.L.citrulline.,pathway,-0.797443548304113,term,89
PWY.5180..toluene.degradation.I..aerobic...via.o.cresol.,pathway,-1.1836190108948,term,85
PWY.5188..tetrapyrrole.biosynthesis.I..from.glutamate.,pathway,-0.0609328793571997,term,73
PWY.5189..tetrapyrrole.biosynthesis.II..from.glycine.,pathway,0.702415506015048,preterm,75
PWY.5265..peptidoglycan.biosynthesis.II..staphylococci.,pathway,2.20437151072979,preterm,61
PWY.5345..superpathway.of.L.methionine.biosynthesis..by.sulfhydrylation.,pathway,-0.676229216856176,term,50
PWY.5347..superpathway.of.L.methionine.biosynthesis..transsulfuration.,pathway,-0.874885956932044,term,140
PWY.5367..petroselinate.biosynthesis,pathway,0.811469656657902,preterm,94
PWY.5384..sucrose.degradation.IV..sucrose.phosphorylase.,pathway,-0.972370646629424,term,71
PWY.5415..catechol.degradation.I..meta.cleavage.pathway.,pathway,0.185782014910777,preterm,12
PWY.5417..catechol.degradation.III..ortho.cleavage.pathway.,pathway,-2.84777741657945,term,88
PWY.5431..aromatic.compounds.degradation.via..beta..ketoadipate,pathway,-2.84777741657945,term,88
PWY.5484..glycolysis.II..from.fructose.6.phosphate.,pathway,-0.0104869543970468,term,59
PWY.5497..purine.nucleobases.degradation.II..anaerobic.,pathway,4.69427712671128,preterm,53
PWY.5505..L.glutamate.and.L.glutamine.biosynthesis,pathway,0.0385155783484831,preterm,42
PWY.561..superpathway.of.glyoxylate.cycle.and.fatty.acid.degradation,pathway,-1.00305467641069,term,174
PWY.5654..2.amino.3.carboxymuconate.semialdehyde.degradation.to.2.hydroxypentadienoate,pathway,-1.5879648881562,term,1
PWY.5656..mannosylglycerate.biosynthesis.I,pathway,-0.31934630043142,term,13
PWY.5659..GDP.mannose.biosynthesis,pathway,-0.645094190675733,term,31
PWY.5667..CDP.diacylglycerol.biosynthesis.I,pathway,0.122127250862732,preterm,42
PWY.5675..nitrate.reduction.V..assimilatory.,pathway,-1.35680805199378,term,126
PWY.5676..acetyl.CoA.fermentation.to.butanoate.II,pathway,1.38338370988273,preterm,9
PWY.5686..UMP.biosynthesis.I,pathway,0.250074861128744,preterm,149
PWY.5692..allantoin.degradation.to.glyoxylate.II,pathway,-3.02522785997594,term,5
PWY.5695..inosine.5..phosphate.degradation,pathway,-0.0434947212423759,term,97
PWY.5705..allantoin.degradation.to.glyoxylate.III,pathway,-2.15058550564654,term,31
PWY.5723..Rubisco.shunt,pathway,-0.379813184410592,term,127
PWY.5747..2.methylcitrate.cycle.II,pathway,6.37206250443211,preterm,69
PWY.5837..2.carboxy.1.4.naphthoquinol.biosynthesis,pathway,-0.36632200130075,term,126
PWY.5838..superpathway.of.menaquinol.8.biosynthesis.I,pathway,-0.465514039581963,term,120
PWY.5840..superpathway.of.menaquinol.7.biosynthesis,pathway,-0.0581942152998841,term,114
PWY.5845..superpathway.of.menaquinol.9.biosynthesis,pathway,0.330477956453134,preterm,119
PWY.5850..superpathway.of.menaquinol.6.biosynthesis,pathway,0.330477956453134,preterm,119
PWY.5855..ubiquinol.7.biosynthesis..early.decarboxylation.,pathway,-1.67876263483068,term,67
PWY.5860..superpathway.of.demethylmenaquinol.6.biosynthesis.I,pathway,0.366041329604772,preterm,123
PWY.5861..superpathway.of.demethylmenaquinol.8.biosynthesis.I,pathway,-0.467891435083622,term,131
PWY.5862..superpathway.of.demethylmenaquinol.9.biosynthesis,pathway,0.366041329604772,preterm,123
PWY.5896..superpathway.of.menaquinol.10.biosynthesis,pathway,0.330477956453134,preterm,119
PWY.5897..superpathway.of.menaquinol.11.biosynthesis,pathway,-0.592297901017864,term,112
PWY.5898..superpathway.of.menaquinol.12.biosynthesis,pathway,-0.592297901017864,term,112
PWY.5899..superpathway.of.menaquinol.13.biosynthesis,pathway,-0.592297901017864,term,112
PWY.5910..superpathway.of.geranylgeranyldiphosphate.biosynthesis.I..via.mevalonate.,pathway,-0.889643338803755,term,48
PWY.5913..partial.TCA.cycle..obligate.autotrophs.,pathway,-0.659155717683768,term,134
PWY.5918..superpathway.of.heme.b.biosynthesis.from.glutamate,pathway,-0.550405534055903,term,135
PWY.5920..superpathway.of.heme.b.biosynthesis.from.glycine,pathway,2.46517374728988,preterm,50
PWY.5941..glycogen.degradation.II,pathway,-0.237998493168412,term,47
PWY.5971..palmitate.biosynthesis..type.II.fatty.acid.synthase.,pathway,-0.524771646079266,term,113
PWY.5972..stearate.biosynthesis.I..animals.,pathway,2.17465828581478,preterm,13
PWY.5973..cis.vaccenate.biosynthesis,pathway,-0.637520285887912,term,106
PWY.5981..CDP.diacylglycerol.biosynthesis.III,pathway,-0.721862813401949,term,44
PWY.5989..stearate.biosynthesis.II..bacteria.and.plants.,pathway,-0.710895788270639,term,144
PWY.6121..5.aminoimidazole.ribonucleotide.biosynthesis.I,pathway,0.467587345491137,preterm,134
PWY.6122..5.aminoimidazole.ribonucleotide.biosynthesis.II,pathway,0.497250213307868,preterm,127
PWY.6123..inosine.5..phosphate.biosynthesis.I,pathway,0.219318418608585,preterm,117
PWY.6124..inosine.5..phosphate.biosynthesis.II,pathway,0.24438957386744,preterm,123
PWY.6125..superpathway.of.guanosine.nucleotides.de.novo.biosynthesis.II,pathway,-0.161747160742913,term,35
PWY.6126..superpathway.of.adenosine.nucleotides.de.novo.biosynthesis.II,pathway,-0.106002032569197,term,64
PWY.6147..6.hydroxymethyl.dihydropterin.diphosphate.biosynthesis.I,pathway,0.932207344378798,preterm,70
PWY.6151..S.adenosyl.L.methionine.salvage.I,pathway,0.24227103635316,preterm,157
PWY.6163..chorismate.biosynthesis.from.3.dehydroquinate,pathway,0.0985496893081888,preterm,90
PWY.6168..flavin.biosynthesis.III..fungi.,pathway,1.12475771971331,preterm,33
PWY.6182..superpathway.of.salicylate.degradation,pathway,-2.84165636677884,term,86
PWY.6185..4.methylcatechol.degradation..ortho.cleavage.,pathway,-2.12819162111024,term,87
PWY.621..sucrose.degradation.III..sucrose.invertase.,pathway,-1.16374261027513,term,54
PWY.6210..2.aminophenol.degradation,pathway,-1.5879648881562,term,1
PWY.622..starch.biosynthesis,pathway,0.714452832741526,preterm,50
PWY.6270..isoprene.biosynthesis.I,pathway,-0.335427466242298,term,89
PWY.6277..superpathway.of.5.aminoimidazole.ribonucleotide.biosynthesis,pathway,0.497250213307868,preterm,127
PWY.6282..palmitoleate.biosynthesis.I..from..5Z..dodec.5.enoate.,pathway,-0.655510988459546,term,144
PWY.6284..superpathway.of.unsaturated.fatty.acids.biosynthesis..E..coli.,pathway,0.30880362803606,preterm,90
PWY.6285..superpathway.of.fatty.acids.biosynthesis..E..coli.,pathway,0.0999766452700849,preterm,88
PWY.6292..superpathway.of.L.cysteine.biosynthesis..mammalian.,pathway,-0.1262330812291,term,72
PWY.6293..superpathway.of.L.cysteine.biosynthesis..fungi.,pathway,-0.928402181348983,term,7
PWY.6305..superpathway.of.putrescine.biosynthesis,pathway,-0.601274830913028,term,153
PWY.6317..D.galactose.degradation.I..Leloir.pathway.,pathway,0.0134773993005235,preterm,39
PWY.6318..L.phenylalanine.degradation.IV..mammalian..via.side.chain.,pathway,-0.178627435171926,term,46
PWY.6353..purine.nucleotides.degradation.II..aerobic.,pathway,5.07045870352665,preterm,64
PWY.6385..peptidoglycan.biosynthesis.III..mycobacteria.,pathway,0.367982967506927,preterm,125
PWY.6386..UDP.N.acetylmuramoyl.pentapeptide.biosynthesis.II..lysine.containing.,pathway,0.514867924558478,preterm,139
PWY.6387..UDP.N.acetylmuramoyl.pentapeptide.biosynthesis.I..meso.diaminopimelate.containing.,pathway,0.421270301143433,preterm,135
PWY.6396..superpathway.of.2.3.butanediol.biosynthesis,pathway,-0.356218717894862,term,2
PWY.6435..4.hydroxybenzoate.biosynthesis.III..plants.,pathway,15.0138339330723,preterm,2
PWY.6507..4.deoxy.L.threo.hex.4.enopyranuronate.degradation,pathway,2.1008908405422,preterm,96
PWY.6519..8.amino.7.oxononanoate.biosynthesis.I,pathway,-0.823296287457784,term,150
PWY.6527..stachyose.degradation,pathway,-0.0324060726853046,term,34
PWY.6531..mannitol.cycle,pathway,0.471204262256897,preterm,95
PWY.6545..pyrimidine.deoxyribonucleotides.de.novo.biosynthesis.III,pathway,-1.94139805612617,term,37
PWY.6549..L.glutamine.biosynthesis.III,pathway,0.178894729838114,preterm,40
PWY.6588..pyruvate.fermentation.to.acetone,pathway,5.17730405098864,preterm,20
PWY.6590..superpathway.of.Clostridium.acetobutylicum.acidogenic.fermentation,pathway,-10.9707744425055,term,6
PWY.6595..superpathway.of.guanosine.nucleotides.degradation..plants.,pathway,2.97453478570958,preterm,14
PWY.6606..guanosine.nucleotides.degradation.II,pathway,1.45162861642388,preterm,53
PWY.6607..guanosine.nucleotides.degradation.I,pathway,3.4803429747712,preterm,16
PWY.6608..guanosine.nucleotides.degradation.III,pathway,-1.13950543035857,term,133
PWY.6609..adenine.and.adenosine.salvage.III,pathway,0.0531330469940096,preterm,43
PWY.6612..superpathway.of.tetrahydrofolate.biosynthesis,pathway,1.92968389464763,preterm,62
PWY.6628..superpathway.of.L.phenylalanine.biosynthesis,pathway,-0.331037619958029,term,32
PWY.6629..superpathway.of.L.tryptophan.biosynthesis,pathway,0.015021560096544,preterm,125
PWY.6630..superpathway.of.L.tyrosine.biosynthesis,pathway,-0.118364410448897,term,79
PWY.6690..cinnamate.and.3.hydroxycinnamate.degradation.to.2.hydroxypentadienoate,pathway,-0.333645721198272,term,119
PWY.6700..queuosine.biosynthesis.I..de.novo.,pathway,0.172714683843721,preterm,42
PWY.6703..preQ0.biosynthesis,pathway,-0.433458160809914,term,50
PWY.6708..ubiquinol.8.biosynthesis..early.decarboxylation.,pathway,3.21620765853299,preterm,15
PWY.6731..starch.degradation.III,pathway,-2.28176242988922,term,75
PWY.6803..phosphatidylcholine.acyl.editing,pathway,-0.827565217988784,term,159
PWY.6823..molybdopterin.biosynthesis,pathway,-0.42253015673199,term,56
PWY.6859..all.trans.farnesol.biosynthesis,pathway,0.929756206865824,preterm,32
PWY.6892..thiazole.component.of.thiamine.diphosphate.biosynthesis.I,pathway,-0.876814319528344,term,112
PWY.6895..superpathway.of.thiamine.diphosphate.biosynthesis.II,pathway,-0.807340459100059,term,130
PWY.6897..thiamine.diphosphate.salvage.II,pathway,-0.406730811672667,term,110
PWY.6901..superpathway.of.glucose.and.xylose.degradation,pathway,-0.334694579103837,term,86
PWY.6902..chitin.degradation.II..Vibrio.,pathway,-1.69220620994568,term,29
PWY.6922..L.N.delta..acetylornithine.biosynthesis,pathway,-3.6293642619963,term,49
PWY.6936..seleno.amino.acid.biosynthesis..plants.,pathway,-0.119792787338734,term,31
PWY.6961..L.ascorbate.degradation.II..bacterial..aerobic.,pathway,-0.901778993103149,term,102
PWY.6969..TCA.cycle.V..2.oxoglutarate.synthase.,pathway,-1.53827620751194,term,164
PWY.6992..1.5.anhydrofructose.degradation,pathway,-5.0476316456888,term,66
PWY.7013...S..propane.1.2.diol.degradation,pathway,-1.90656248613783,term,96
PWY.702..L.methionine.biosynthesis.II,pathway,0.102902132582679,preterm,47
PWY.7039..phosphatidate.metabolism..as.a.signaling.molecule,pathway,-5.29435357968694,term,63
PWY.7094..fatty.acid.salvage,pathway,-1.02130615385746,term,53
PWY.7111..pyruvate.fermentation.to.isobutanol..engineered.,pathway,0.185901079164534,preterm,69
PWY.7115..C4.photosynthetic.carbon.assimilation.cycle..NAD.ME.type,pathway,-0.965935653988691,term,95
PWY.7117..C4.photosynthetic.carbon.assimilation.cycle..PEPCK.type,pathway,-0.631320155933139,term,99
PWY.7118..chitin.deacetylation,pathway,-0.7430244710399,term,170
PWY.7165..L.ascorbate.biosynthesis.VIII..engineered.pathway.,pathway,-3.4617059404999,term,44
PWY.7184..pyrimidine.deoxyribonucleotides.de.novo.biosynthesis.I,pathway,-0.77329187664501,term,111
PWY.7185..UTP.and.CTP.dephosphorylation.I,pathway,-2.08672895294952,term,14
PWY.7187..pyrimidine.deoxyribonucleotides.de.novo.biosynthesis.II,pathway,-1.10048895550528,term,129
PWY.7196..superpathway.of.pyrimidine.ribonucleosides.salvage,pathway,1.48510263368612,preterm,20
PWY.7197..pyrimidine.deoxyribonucleotide.phosphorylation,pathway,-0.225078050171715,term,48
PWY.7198..pyrimidine.deoxyribonucleotides.de.novo.biosynthesis.IV,pathway,0.126889998544489,preterm,115
PWY.7199..pyrimidine.deoxyribonucleosides.salvage,pathway,0.0952969594758672,preterm,38
PWY.7200..superpathway.of.pyrimidine.deoxyribonucleoside.salvage,pathway,3.78927460182151,preterm,87
PWY.7204..pyridoxal.5..phosphate.salvage.II..plants.,pathway,-2.74556360303922,term,94
PWY.7208..superpathway.of.pyrimidine.nucleobases.salvage,pathway,-0.169240121014589,term,41
PWY.7209..superpathway.of.pyrimidine.ribonucleosides.degradation,pathway,-1.8085214010853,term,5
PWY.7210..pyrimidine.deoxyribonucleotides.biosynthesis.from.CTP,pathway,-1.58574255843942,term,25
PWY.7211..superpathway.of.pyrimidine.deoxyribonucleotides.de.novo.biosynthesis,pathway,-1.28863244074273,term,89
PWY.7220..adenosine.deoxyribonucleotides.de.novo.biosynthesis.II,pathway,-0.321830004513223,term,38
PWY.7221..guanosine.ribonucleotides.de.novo.biosynthesis,pathway,0.271991582401059,preterm,131
PWY.7222..guanosine.deoxyribonucleotides.de.novo.biosynthesis.II,pathway,-0.321830004513223,term,38
PWY.7228..superpathway.of.guanosine.nucleotides.de.novo.biosynthesis.I,pathway,-0.151060956024416,term,38
PWY.7229..superpathway.of.adenosine.nucleotides.de.novo.biosynthesis.I,pathway,-0.0220521772010267,term,82
PWY.7234..inosine.5..phosphate.biosynthesis.III,pathway,-0.186231608287968,term,71
PWY.7237..myo...chiro..and.scyllo.inositol.degradation,pathway,-0.575932224148584,term,56
PWY.7238..sucrose.biosynthesis.II,pathway,0.141031678169411,preterm,56
PWY.724..superpathway.of.L.lysine..L.threonine.and.L.methionine.biosynthesis.II,pathway,-0.0253325031872964,term,69
PWY.7242..D.fructuronate.degradation,pathway,1.64916121588727,preterm,75
PWY.7245..superpathway.of.NAD.NADP...NADH.NADPH.interconversion..yeast.,pathway,-3.07797167919667,term,37
PWY.7254..TCA.cycle.VII..acetate.producers.,pathway,0.353283695209924,preterm,77
PWY.7268..cytosolic.NADPH.production..yeast.,pathway,-3.79320019409174,term,29
PWY.7269..mitochondrial.NADPH.production..yeast.,pathway,-2.18229684473341,term,81
PWY.7282..4.amino.2.methyl.5.diphosphomethylpyrimidine.biosynthesis.II,pathway,-0.327324331640172,term,91
PWY.7315..dTDP.N.acetylthomosamine.biosynthesis,pathway,-0.889053533266001,term,114
PWY.7323..superpathway.of.GDP.mannose.derived.O.antigen.building.blocks.biosynthesis,pathway,-0.97782467033658,term,31
PWY.7328..superpathway.of.UDP.glucose.derived.O.antigen.building.blocks.biosynthesis,pathway,-1.63241236490396,term,13
PWY.7340..9.cis..11.trans.octadecadienoyl.CoA.degradation..isomerase.dependent..yeast.,pathway,0.118920642493111,preterm,25
PWY.7345..superpathway.of.anaerobic.sucrose.degradation,pathway,-0.519932289695927,term,92
PWY.7356..thiamine.diphosphate.salvage.IV..yeast.,pathway,-1.36163337871093,term,62
PWY.7357..thiamine.phosphate.formation.from.pyrithiamine.and.oxythiamine..yeast.,pathway,-0.0632165541801852,term,97
PWY.7383..anaerobic.energy.metabolism..invertebrates..cytosol.,pathway,1.48973000926052,preterm,4
PWY.7385..1.3.propanediol.biosynthesis..engineered.,pathway,2.40157390192515,preterm,57
PWY.7388..octanoyl..acyl.carrier.protein..biosynthesis..mitochondria..yeast.,pathway,0.55523667738165,preterm,79
PWY.7391..isoprene.biosynthesis.II..engineered.,pathway,-0.380263015267466,term,34
PWY.7392..taxadiene.biosynthesis..engineered.,pathway,-0.830228128576382,term,50
PWY.7396..butanol.and.isobutanol.biosynthesis..engineered.,pathway,0.948731786305199,preterm,45
PWY.7400..L.arginine.biosynthesis.IV..archaebacteria.,pathway,0.0731152208878818,preterm,77
PWY.7409..phospholipid.remodeling..phosphatidylethanolamine..yeast.,pathway,7.89389441828812,preterm,43
PWY.7446..sulfoquinovose.degradation.I,pathway,-1.76130262573411,term,56
PWY.7560..methylerythritol.phosphate.pathway.II,pathway,-0.28977231979266,term,31
PWY.7616..methanol.oxidation.to.carbon.dioxide,pathway,-0.20592870770536,term,101
PWY.7663..gondoate.biosynthesis..anaerobic.,pathway,-0.746835880966693,term,162
PWY.7664..oleate.biosynthesis.IV..anaerobic.,pathway,-0.64490405541777,term,143
PWY.7723..bacterial.bioluminescence,pathway,-3.44771400006565,term,24
PWY.7761..NAD.salvage.pathway.II..PNC.IV.cycle.,pathway,1.20282335776813,preterm,63
PWY.7783..plasmalogen.degradation,pathway,0.784166574843064,preterm,5
PWY.7790..UMP.biosynthesis.II,pathway,0.21079462914666,preterm,135
PWY.7791..UMP.biosynthesis.III,pathway,0.202186289897325,preterm,135
PWY.7805...aminomethyl.phosphonate.degradation,pathway,-3.12251870226704,term,2
PWY.7807..glyphosate.degradation.III,pathway,-2.15209783909489,term,10
PWY.7851..coenzyme.A.biosynthesis.II..eukaryotic.,pathway,0.228776049272846,preterm,115
PWY.7858...5Z..dodecenoate.biosynthesis.II,pathway,-0.858621858329098,term,142
PWY.7873..D.erythronate.degradation.II,pathway,1.20026856193701,preterm,40
PWY.7874..L.threonate.degradation,pathway,2.96942936021662,preterm,51
PWY.7883..anhydromuropeptides.recycling.II,pathway,-2.17909205147908,term,89
PWY.7942..5.oxo.L.proline.metabolism,pathway,-0.774740984671322,term,125
PWY.7953..UDP.N.acetylmuramoyl.pentapeptide.biosynthesis.III..meso.diaminopimelate.containing.,pathway,0.365570433805753,preterm,107
PWY.7977..L.methionine.biosynthesis.IV,pathway,-1.01592641779786,term,142
PWY.8004..Entner.Doudoroff.pathway.I,pathway,-0.310748643055853,term,86
PWY.801..homocysteine.and.cysteine.interconversion,pathway,-1.95687774503839,term,39
PWY.8011..L.serine.biosynthesis.II,pathway,2.62602062713879,preterm,10
PWY.8073..lipid.IVA.biosynthesis..P..putida.,pathway,-0.898308759833452,term,173
PWY.8131..5..deoxyadenosine.degradation.II,pathway,-1.89602308778693,term,78
PWY.8178..pentose.phosphate.pathway..non.oxidative.branch..II,pathway,0.0336622463096603,preterm,40
PWY.8187..L.arginine.degradation.XIII..reductive.Stickland.reaction.,pathway,0.918746300568356,preterm,81
PWY.821..superpathway.of.sulfur.amino.acid.biosynthesis..Saccharomyces.cerevisiae.,pathway,-0.26547151612452,term,38
PWY.841..superpathway.of.purine.nucleotides.de.novo.biosynthesis.I,pathway,-0.0302237073291703,term,70
PWY.922..mevalonate.pathway.I..eukaryotes.and.bacteria.,pathway,-0.332122198369027,term,53
PWY.I9..L.cysteine.biosynthesis.VI..from.L.methionine.,pathway,0.155911249973558,preterm,81
PWY0.1061..superpathway.of.L.alanine.biosynthesis,pathway,-0.300453185169028,term,57
PWY0.1221..putrescine.degradation.II,pathway,8.02728090409425,preterm,53
PWY0.1241..ADP.L.glycero..beta..D.manno.heptose.biosynthesis,pathway,-0.912103588903947,term,108
PWY0.1261..anhydromuropeptides.recycling.I,pathway,-1.16087965764703,term,135
PWY0.1277..3.phenylpropanoate.and.3..3.hydroxyphenyl.propanoate.degradation,pathway,-0.57628094533565,term,115
PWY0.1296..purine.ribonucleosides.degradation,pathway,0.108475339945656,preterm,52
PWY0.1297..superpathway.of.purine.deoxyribonucleosides.degradation,pathway,-0.90094867674663,term,119
PWY0.1298..superpathway.of.pyrimidine.deoxyribonucleosides.degradation,pathway,-0.273254094073759,term,44
PWY0.1319..CDP.diacylglycerol.biosynthesis.II,pathway,0.1221702934312,preterm,42
PWY0.1337..oleate..beta..oxidation,pathway,-0.999707541683627,term,59
PWY0.1338..polymyxin.resistance,pathway,-0.971644843148983,term,119
PWY0.1415..superpathway.of.heme.b.biosynthesis.from.uroporphyrinogen.III,pathway,-1.22188863921575,term,156
PWY0.1477..ethanolamine.utilization,pathway,-1.11567548409194,term,155
PWY0.1479..tRNA.processing,pathway,-0.42452956846014,term,110
PWY0.1533..methylphosphonate.degradation.I,pathway,-2.10794355113834,term,10
PWY0.1586..peptidoglycan.maturation..meso.diaminopimelate.containing.,pathway,-0.548635881221534,term,168
PWY0.162..superpathway.of.pyrimidine.ribonucleotides.de.novo.biosynthesis,pathway,-0.339589470076663,term,83
PWY0.166..superpathway.of.pyrimidine.deoxyribonucleotides.de.novo.biosynthesis..E..coli.,pathway,-0.608397649109141,term,117
PWY0.301..L.ascorbate.degradation.I..bacterial..anaerobic.,pathway,-1.67345825122005,term,155
PWY0.41..allantoin.degradation.IV..anaerobic.,pathway,0.806545067401895,preterm,77
PWY0.42..2.methylcitrate.cycle.I,pathway,7.17614526565485,preterm,95
PWY0.461..L.lysine.degradation.I,pathway,4.46338024858953,preterm,22
PWY0.781..aspartate.superpathway,pathway,-0.286911639996085,term,40
PWY0.845..superpathway.of.pyridoxal.5..phosphate.biosynthesis.and.salvage,pathway,-0.341173116955412,term,134
PWY0.862...5Z..dodecenoate.biosynthesis.I,pathway,-0.613379966283899,term,145
PWY0.881..superpathway.of.fatty.acid.biosynthesis.I..E..coli.,pathway,3.54001645074339,preterm,76
PWY1ZNC.1..assimilatory.sulfate.reduction.IV,pathway,-1.07331534986448,term,172
PWY3O.4107..NAD.salvage.pathway.V..PNC.V.cycle.,pathway,0.58986195694879,preterm,76
PWY4FS.7..phosphatidylglycerol.biosynthesis.I..plastidic.,pathway,-0.359807974507143,term,141
PWY4FS.8..phosphatidylglycerol.biosynthesis.II..non.plastidic.,pathway,-0.359854058894902,term,141
PWY4LZ.257..superpathway.of.fermentation..Chlamydomonas.reinhardtii.,pathway,1.16275385680894,preterm,119
PWY5F9.12..biphenyl.degradation,pathway,-3.14442616873908,term,29
PWY66.389..phytol.degradation,pathway,-1.25862743914178,term,83
PWY66.391..fatty.acid..beta..oxidation.VI..mammalian.peroxisome.,pathway,0.111891780533045,preterm,28
PWY66.399..gluconeogenesis.III,pathway,1.54364491961347,preterm,3
PWY66.409..superpathway.of.purine.nucleotide.salvage,pathway,-0.546745766727081,term,77
PWY66.429..fatty.acid.biosynthesis.initiation..mitochondria.,pathway,-0.091178556120713,term,35
PWY66.430..myristate.biosynthesis..mitochondria.,pathway,0.716621445563056,preterm,76
PYRIDNUCSAL.PWY..NAD.salvage.pathway.I..PNC.VI.cycle.,pathway,0.36883122186252,preterm,61
PYRIDNUCSYN.PWY..NAD.de.novo.biosynthesis.I..from.aspartate.,pathway,0.640623802282955,preterm,47
PYRIDOXSYN.PWY..pyridoxal.5..phosphate.biosynthesis.I,pathway,-0.536374809182608,term,148
REDCITCYC..TCA.cycle.VI..Helicobacter.,pathway,-2.49411804056976,term,68
RHAMCAT.PWY..L.rhamnose.degradation.I,pathway,-1.07916140329173,term,169
RIBOSYN2.PWY..flavin.biosynthesis.I..bacteria.and.plants.,pathway,-0.16180108372822,term,31
RUMP.PWY..formaldehyde.oxidation.I,pathway,0.248827949561238,preterm,85
SALVADEHYPOX.PWY..adenosine.nucleotides.degradation.II,pathway,6.20158745546529,preterm,78
SER.GLYSYN.PWY..superpathway.of.L.serine.and.glycine.biosynthesis.I,pathway,-0.197946264065756,term,30
SO4ASSIM.PWY..assimilatory.sulfate.reduction.I,pathway,-1.40363653886512,term,182
SULFATE.CYS.PWY..superpathway.of.sulfate.assimilation.and.cysteine.biosynthesis,pathway,-0.936811398784293,term,180
Staphylococcus_aureus.t__SGB7852,species,0.784976753196899,preterm,7
Staphylococcus_epidermidis.t__SGB7865,species,4.34815903566163,preterm,17
Streptococcus_salivarius.t__SGB8007_group,species,-3.16654300634886,term,64
Streptococcus_vestibularis.t__SGB8003,species,-3.13518138151872,term,5
TCA..TCA.cycle.I..prokaryotic.,pathway,-1.16820765600042,term,148
TCA.GLYOX.BYPASS..superpathway.of.glyoxylate.bypass.and.TCA,pathway,-1.02580586792736,term,164
THISYN.PWY..superpathway.of.thiamine.diphosphate.biosynthesis.I,pathway,-0.552349390174166,term,99
THISYNARA.PWY..superpathway.of.thiamine.diphosphate.biosynthesis.III..eukaryotes.,pathway,1.60413138202782,preterm,138
THREOCAT.PWY..superpathway.of.L.threonine.metabolism,pathway,-1.86693627983622,term,52
THRESYN.PWY..superpathway.of.L.threonine.biosynthesis,pathway,-0.120638617334493,term,59
TRNA.CHARGING.PWY..tRNA.charging,pathway,0.201253687046551,preterm,49
TRPSYN.PWY..L.tryptophan.biosynthesis,pathway,-0.0344384319486756,term,115
UBISYN.PWY..superpathway.of.ubiquinol.8.biosynthesis..early.decarboxylation.,pathway,3.17016434868808,preterm,15
UDPNAGSYN.PWY..UDP.N.acetyl.D.glucosamine.biosynthesis.I,pathway,0.28176094490672,preterm,106
URDEGR.PWY..superpathway.of.allantoin.degradation.in.plants,pathway,-3.02522785997594,term,5
URSIN.PWY..ureide.biosynthesis,pathway,0.00150124274879063,preterm,5
VALSYN.PWY..L.valine.biosynthesis,pathway,0.488779266274449,preterm,87
Veillonella_parvula.t__SGB6939,species,2.80105105470659,preterm,9
X1CMET2.PWY..folate.transformations.III..E..coli.,pathway,-0.437767575903118,term,55
X3.HYDROXYPHENYLACETATE.DEGRADATION.PWY..4.hydroxyphenylacetate.degradation,pathway,-0.870965243265999,term,57
acetate,SCFA,1.24171759195564,preterm,3
butyrate,SCFA,1.61608966849026,preterm,4
isobutyrate,SCFA,-0.209076368607558,term,4
propionate,SCFA,-1.2430027979597,term,6
