"feature"	"metadata"	"value"	"name"	"coef"	"null_hypothesis"	"stderr"	"pval_individual"	"qval_individual"	"pval_joint"	"qval_joint"	"error"	"model"	"N"	"N_not_zero"
"Bifidobacterium_bifidum.t__SGB17256"	"Termness"	"preterm"	"Termnesspreterm"	3.20062832852047	0	0.783191842639248	4.37652869869333e-05	0.00621467075214453	8.75286585735217e-05	0.0064771207344406	NA	"prevalence"	46	23
"Enterobacter_hormaechei.t__SGB10130"	"Termness"	"preterm"	"Termnesspreterm"	8.32406228191008	-0.594152111852144	1.72217826554038	0.00141850009075206	0.065935223189863	0.00141850009075206	0.0524845033578263	NA	"abundance"	46	11
"Haemophilus_parainfluenzae.t__SGB9663_group"	"Termness"	"preterm"	"Termnesspreterm"	-2.31404093276375	0	0.725489673284998	0.00142456881637799	0.065935223189863	0.00284710823644337	0.0686573995375749	NA	"prevalence"	46	17
"Staphylococcus_hominis.t__SGB7858"	"Termness"	"preterm"	"Termnesspreterm"	-2.93271687492655	0	0.9423457255477	0.00185733023070036	0.065935223189863	0.00371121078581486	0.0686573995375749	NA	"prevalence"	46	13
"Streptococcus_salivarius.t__SGB8007_group"	"Termness"	"preterm"	"Termnesspreterm"	-1.95800042023572	0	0.660916457498926	0.00305098699903072	0.0866480307724726	0.0060926654763932	0.0901714490506193	NA	"prevalence"	46	24
"Streptococcus_parasanguinis.t__SGB8071"	"Termness"	"preterm"	"Termnesspreterm"	-2.6521340101284	0	0.946116783012655	0.00506016902626551	0.119757333621617	0.0100947327419567	0.124501703817465	NA	"prevalence"	46	12
"Klebsiella_grimontii.t__SGB10120"	"Termness"	"preterm"	"Termnesspreterm"	8.93098496934095	-0.594152111852144	2.34581128241819	0.0116600777650976	0.211031005886677	0.023184198116707	0.194346952374116	NA	"abundance"	46	8
"Klebsiella_pneumoniae.t__SGB10115"	"Termness"	"preterm"	"Termnesspreterm"	2.12191644422508	0	0.84356352934568	0.011889070754179	0.211031005886677	0.0236367915049601	0.194346952374116	NA	"prevalence"	46	22
"Streptococcus_mitis.t__SGB8168"	"Termness"	"preterm"	"Termnesspreterm"	-3.37148182258591	0	1.47537154952115	0.0223025827110646	0.351885193885685	0.0223025827110646	0.194346952374116	NA	"prevalence"	46	9
"Veillonella_dispar.t__SGB6952"	"Termness"	"preterm"	"Termnesspreterm"	-1.69769510653303	0	0.762863365057835	0.0260527293868	0.36994875729256	0.0514267140650981	0.345961530983387	NA	"prevalence"	46	15
"Klebsiella_pneumoniae.t__SGB10115"	"Read_depth"	"Read_depth"	"Read_depth"	1.34542497388656	0	0.630930410955968	0.032970206693248	0.410601215432092	0.0648533788571005	0.399929169618786	NA	"prevalence"	46	22
"Lactobacillus_acidophilus.t__SGB7044"	"Termness"	"preterm"	"Termnesspreterm"	3.84361946916562	0	1.82001858869198	0.0346986942618669	0.410601215432092	0.0346986942618669	0.256770337537815	NA	"prevalence"	46	10
"Klebsiella_grimontii.t__SGB10120"	"Read_depth"	"Read_depth"	"Read_depth"	7.42347393879478	-0.276060544193719	2.84801903753423	0.0439351914203381	0.477188030838101	0.0859400817955344	0.45327477454342	NA	"abundance"	46	8
"Staphylococcus_epidermidis.t__SGB7865"	"Termness"	"preterm"	"Termnesspreterm"	-2.92509261992338	-0.594152111852144	0.873352701919351	0.0470467072657282	0.477188030838101	0.0918800218669094	0.45327477454342	NA	"abundance"	46	38
"Haemophilus_haemolyticus.t__SGB9649"	"Termness"	"preterm"	"Termnesspreterm"	-2.65600593298992	0	1.4911402592154	0.0748812180076713	0.708875530472622	0.0748812180076713	0.426246933274437	NA	"prevalence"	46	5
"Finegoldia_magna.t__SGB6686_group"	"Termness"	"preterm"	"Termnesspreterm"	2.24160047653635	0	1.33686943166989	0.0935906973097513	0.830617438624042	0.178422175996577	0.825202563984169	NA	"prevalence"	46	6
"Bifidobacterium_bifidum.t__SGB17256"	"Termness"	"preterm"	"Termnesspreterm"	-2.69670297388599	-0.594152111852144	1.03899900003822	0.111560443568774	0.838480179480503	8.75286585735217e-05	0.0064771207344406	NA	"abundance"	46	23
"Clostridium_perfringens.t__SGB6191"	"Termness"	"preterm"	"Termnesspreterm"	-3.65845150470439	-0.594152111852144	1.69192407316422	0.110451809815315	0.838480179480503	0.208704017339151	0.833641214211017	NA	"abundance"	46	20
"Raoultella_ornithinolytica.t__SGB10124"	"Termness"	"preterm"	"Termnesspreterm"	3.74350387904837	-0.594152111852144	2.11677474033411	0.123371922394797	0.838480179480503	0.231523213554206	0.833641214211017	NA	"abundance"	46	7
"Clostridium_neonatale.t__SGB6169"	"Termness"	"preterm"	"Termnesspreterm"	-1.2392643403822	0	0.820167096808744	0.130790980440901	0.838480179480503	0.244475680317109	0.833641214211017	NA	"prevalence"	46	8
"Enterococcus_faecalis.t__SGB7962"	"Termness"	"preterm"	"Termnesspreterm"	1.1727340459513	0	0.739922142369532	0.112979400418743	0.838480179480503	0.213194455918507	0.833641214211017	NA	"prevalence"	46	36
"Klebsiella_variicola.t__SGB10114"	"Termness"	"preterm"	"Termnesspreterm"	1.14117214272952	0	0.763380930574034	0.134942597421711	0.838480179480503	0.251675690244505	0.833641214211017	NA	"prevalence"	46	11
"Veillonella_dispar.t__SGB6952"	"Read_depth"	"Read_depth"	"Read_depth"	0.758402515966353	0	0.512919321577368	0.139247249039676	0.838480179480503	0.259104701714235	0.833641214211017	NA	"prevalence"	46	15
"Escherichia_coli.t__SGB10068"	"Termness"	"preterm"	"Termnesspreterm"	0.86534329298957	0	0.602164402965071	0.150702400768572	0.855989636365488	0.278693587939733	0.859305229480843	NA	"prevalence"	46	22
"Bifidobacterium_breve.t__SGB17247"	"Termness"	"preterm"	"Termnesspreterm"	-3.76367831482123	-0.594152111852144	2.74810159696198	0.271950105474293	0.940460657359288	0.469943351081107	0.947737034206083	NA	"abundance"	46	22
"Bifidobacterium_longum.t__SGB17248"	"Read_depth"	"Read_depth"	"Read_depth"	-1.87367676029317	-0.276060544193719	1.4467558399833	0.305594290223197	0.940460657359288	0.517800710229374	0.947737034206083	NA	"abundance"	46	12
"Bifidobacterium_longum.t__SGB17248"	"Termness"	"preterm"	"Termnesspreterm"	-2.57961931943022	-0.594152111852144	2.07833691286	0.379083683975932	0.940460657359288	0.614462928495099	0.947737034206083	NA	"abundance"	46	12
"Citrobacter_freundii.t__SGB10083"	"Termness"	"preterm"	"Termnesspreterm"	-7.36763704797862	-0.594152111852144	7.19076855887548	0.398152760447308	0.940460657359288	0.362143119921389	0.938408206477095	NA	"abundance"	46	7
"Cutibacterium_avidum.t__SGB16953"	"Termness"	"preterm"	"Termnesspreterm"	1.98812070373756	-0.594152111852144	2.04076317870278	0.254239796770911	0.940460657359288	0.443841719279707	0.938408206477095	NA	"abundance"	46	13
"Enterobacter_asburiae.t__SGB10141"	"Termness"	"preterm"	"Termnesspreterm"	2.43819478232013	-0.594152111852144	3.60361352841542	0.428476193918931	0.940460657359288	0.673360539082609	0.975905756011457	NA	"abundance"	46	10
"Escherichia_coli.t__SGB10068"	"Termness"	"preterm"	"Termnesspreterm"	-2.66578107585221	-0.594152111852144	2.5248493380547	0.429089166051002	0.940460657359288	0.278693587939733	0.859305229480843	NA	"abundance"	46	22
"Haemophilus_parainfluenzae.t__SGB9657"	"Read_depth"	"Read_depth"	"Read_depth"	-1.94735831962547	-0.276060544193719	1.54724116810273	0.365307502741481	0.940460657359288	0.443737537948773	0.938408206477095	NA	"abundance"	46	6
"Klebsiella_michiganensis.t__SGB10119"	"Read_depth"	"Read_depth"	"Read_depth"	-2.50647981565098	-0.276060544193719	1.76391189412105	0.24002098620636	0.940460657359288	0.422431898593247	0.938408206477095	NA	"abundance"	46	13
"Klebsiella_pneumoniae.t__SGB10115"	"Read_depth"	"Read_depth"	"Read_depth"	2.5718659929628	-0.276060544193719	2.00026535244934	0.174321329547354	0.940460657359288	0.0648533788571005	0.399929169618786	NA	"abundance"	46	22
"Klebsiella_variicola.t__SGB10114"	"Termness"	"preterm"	"Termnesspreterm"	-5.10620843520126	-0.594152111852144	4.26866668791391	0.321998706191263	0.940460657359288	0.251675690244505	0.833641214211017	NA	"abundance"	46	11
"Lacticaseibacillus_rhamnosus.t__SGB7144"	"Termness"	"preterm"	"Termnesspreterm"	2.16810624387304	-0.594152111852144	2.36469483267831	0.306237693029504	0.940460657359288	0.355748701383491	0.938408206477095	NA	"abundance"	46	8
"Raoultella_ornithinolytica.t__SGB10124"	"Read_depth"	"Read_depth"	"Read_depth"	3.53419043069862	-0.276060544193719	3.33977066814387	0.31750964637216	0.940460657359288	0.534206917204946	0.947737034206083	NA	"abundance"	46	7
"Staphylococcus_haemolyticus.t__SGB7861"	"Termness"	"preterm"	"Termnesspreterm"	2.05983693611465	-0.594152111852144	2.16287556034634	0.359975234837332	0.940460657359288	0.418972985203022	0.938408206477095	NA	"abundance"	46	5
"Staphylococcus_lugdunensis.t__SGB7850"	"Termness"	"preterm"	"Termnesspreterm"	-4.00542684812211	-0.594152111852144	3.58987316566574	0.379313562667955	0.940460657359288	0.614748346512054	0.947737034206083	NA	"abundance"	46	9
"Streptococcus_salivarius.t__SGB8007_group"	"Read_depth"	"Read_depth"	"Read_depth"	-0.901282575606189	-0.276060544193719	0.517305813116105	0.32538952799288	0.940460657359288	0.544900711058331	0.947737034206083	NA	"abundance"	46	24
"Streptococcus_vestibularis.t__SGB8003"	"Termness"	"preterm"	"Termnesspreterm"	-2.45191562580367	-0.594152111852144	1.8133156890068	0.349459264438562	0.940460657359288	0.576796751375183	0.947737034206083	NA	"abundance"	46	13
"Veillonella_dispar.t__SGB6952"	"Read_depth"	"Read_depth"	"Read_depth"	0.472150395961174	-0.276060544193719	0.83714577819886	0.416685067641106	0.940460657359288	0.259104701714235	0.833641214211017	NA	"abundance"	46	15
"Bifidobacterium_breve.t__SGB17247"	"Read_depth"	"Read_depth"	"Read_depth"	0.380367295574045	0	0.394310090868407	0.334725145080401	0.940460657359288	0.557409367411706	0.947737034206083	NA	"prevalence"	46	22
"Bifidobacterium_breve.t__SGB17247"	"Termness"	"preterm"	"Termnesspreterm"	0.676718796456193	0	0.627129473548505	0.280554963194964	0.940460657359288	0.469943351081107	0.947737034206083	NA	"prevalence"	46	22
"Citrobacter_freundii.t__SGB10083"	"Termness"	"preterm"	"Termnesspreterm"	-1.0605962760518	0	0.830055408531576	0.201340573161118	0.940460657359288	0.362143119921389	0.938408206477095	NA	"prevalence"	46	7
"Clostridium_paraputrificum.t__SGB6187"	"Read_depth"	"Read_depth"	"Read_depth"	0.89916415255159	0	0.675276337583336	0.183008131084589	0.940460657359288	0.332524286126103	0.938408206477095	NA	"prevalence"	46	8
"Clostridium_perfringens.t__SGB6191"	"Read_depth"	"Read_depth"	"Read_depth"	-0.364117608974187	0	0.347897690496021	0.29527364295454	0.940460657359288	0.503360761685434	0.947737034206083	NA	"prevalence"	46	20
"Cutibacterium_avidum.t__SGB16953"	"Termness"	"preterm"	"Termnesspreterm"	0.538465247221791	0	0.666758383212956	0.419328506931807	0.940460657359288	0.443841719279707	0.938408206477095	NA	"prevalence"	46	13
"Enterobacter_asburiae.t__SGB10141"	"Read_depth"	"Read_depth"	"Read_depth"	0.496842035033395	0	0.532042302165015	0.350386770533889	0.940460657359288	0.57800265210261	0.947737034206083	NA	"prevalence"	46	10
"Enterococcus_faecalis.t__SGB7962"	"Read_depth"	"Read_depth"	"Read_depth"	0.302135941256848	0	0.32972150019871	0.35949027720563	0.940460657359288	0.589747295005879	0.947737034206083	NA	"prevalence"	46	36
"Finegoldia_magna.t__SGB6686_group"	"Read_depth"	"Read_depth"	"Read_depth"	1.10683263078446	0	0.913110365815533	0.225452493757811	0.940460657359288	0.400076160574007	0.938408206477095	NA	"prevalence"	46	6
"Haemophilus_parainfluenzae.t__SGB9657"	"Read_depth"	"Read_depth"	"Read_depth"	0.780417708893139	0	0.684409245888141	0.254169950959853	0.940460657359288	0.443737537948773	0.938408206477095	NA	"prevalence"	46	6
"Klebsiella_michiganensis.t__SGB10119"	"Read_depth"	"Read_depth"	"Read_depth"	0.3541263542208	0	0.445207690946922	0.426370205874316	0.940460657359288	0.422431898593247	0.938408206477095	NA	"prevalence"	46	13
"Lacticaseibacillus_rhamnosus.t__SGB7144"	"Termness"	"preterm"	"Termnesspreterm"	1.06288287538896	0	0.824486040003629	0.197347336255271	0.940460657359288	0.355748701383491	0.938408206477095	NA	"prevalence"	46	8
"Lactobacillus_acidophilus.t__SGB7044"	"Read_depth"	"Read_depth"	"Read_depth"	-0.592359203332658	0	0.522259611896488	0.256700745944986	0.940460657359288	0.256700745944986	0.833641214211017	NA	"prevalence"	46	10
"Raoultella_ornithinolytica.t__SGB10124"	"Termness"	"preterm"	"Termnesspreterm"	0.883452014511595	0	0.857687446396224	0.302991427407084	0.940460657359288	0.231523213554206	0.833641214211017	NA	"prevalence"	46	7
"Scardovia_wiggsiae.t__SGB15494"	"Termness"	"preterm"	"Termnesspreterm"	-1.11051615558022	0	1.05720832191036	0.293523580689102	0.940460657359288	0.500891068957653	0.947737034206083	NA	"prevalence"	46	5
"Staphylococcus_aureus.t__SGB7852"	"Termness"	"preterm"	"Termnesspreterm"	0.486373411364843	0	0.61695184519112	0.430492554425026	0.940460657359288	0.675661269434668	0.975905756011457	NA	"prevalence"	46	30
"Staphylococcus_haemolyticus.t__SGB7861"	"Termness"	"preterm"	"Termnesspreterm"	1.29195411039941	0	1.09428974261546	0.237748719386462	0.940460657359288	0.418972985203022	0.938408206477095	NA	"prevalence"	46	5
"Staphylococcus_lugdunensis.t__SGB7850"	"Read_depth"	"Read_depth"	"Read_depth"	0.45144720722063	0	0.500166290670711	0.366741290822631	0.940460657359288	0.598983407251013	0.947737034206083	NA	"prevalence"	46	9
"Staphylococcus_lugdunensis.t__SGB7850"	"Termness"	"preterm"	"Termnesspreterm"	-0.658767060622097	0	0.802380873950408	0.41163749177743	0.940460657359288	0.614748346512054	0.947737034206083	NA	"prevalence"	46	9
"Streptococcus_mitis.t__SGB8168"	"Read_depth"	"Read_depth"	"Read_depth"	0.324126793510761	0	0.401896557888507	0.419958595483562	0.940460657359288	0.419958595483562	0.938408206477095	NA	"prevalence"	46	9
"Streptococcus_vestibularis.t__SGB8003"	"Read_depth"	"Read_depth"	"Read_depth"	0.561647737066446	0	0.483184407485158	0.245077912236759	0.940460657359288	0.43009264140719	0.938408206477095	NA	"prevalence"	46	13
"Veillonella_atypica.t__SGB6936"	"Termness"	"preterm"	"Termnesspreterm"	-0.787498473628719	0	0.65728369018115	0.230874011779842	0.940460657359288	0.408445214244366	0.938408206477095	NA	"prevalence"	46	13
"Bifidobacterium_bifidum.t__SGB17256"	"Read_depth"	"Read_depth"	"Read_depth"	-0.932233719672971	-0.276060544193719	0.813594163184983	0.456494646432707	0.958857549552536	0.704601930643691	0.975905756011457	NA	"abundance"	46	23
"Staphylococcus_hominis.t__SGB7858"	"Termness"	"preterm"	"Termnesspreterm"	-4.19669912085986	-0.594152111852144	4.63665463246162	0.454117116314659	0.958857549552536	0.00371121078581486	0.0686573995375749	NA	"abundance"	46	13
"Bifidobacterium_longum.t__SGB17248"	"Read_depth"	"Read_depth"	"Read_depth"	0.322628108889569	0	0.436354901763644	0.459681818067066	0.958857549552536	0.517800710229374	0.947737034206083	NA	"prevalence"	46	12
"Scardovia_wiggsiae.t__SGB15494"	"Read_depth"	"Read_depth"	"Read_depth"	0.417964738462568	0	0.582017058672731	0.472676256821673	0.958857549552536	0.721929669880397	0.975905756011457	NA	"prevalence"	46	5
"Streptococcus_parasanguinis.t__SGB8071"	"Read_depth"	"Read_depth"	"Read_depth"	0.249169448942185	0	0.345793911986442	0.471172818268318	0.958857549552536	0.720341811861727	0.975905756011457	NA	"prevalence"	46	12
"Klebsiella_grimontii.t__SGB10120"	"Termness"	"preterm"	"Termnesspreterm"	0.56783676130752	0	0.811160828134826	0.483908687361168	0.967817374722337	0.023184198116707	0.194346952374116	NA	"prevalence"	46	8
"Bifidobacterium_breve.t__SGB17247"	"Read_depth"	"Read_depth"	"Read_depth"	0.793820706934263	-0.276060544193719	2.1165217440361	0.618242135434974	0.999883933018643	0.557409367411706	0.947737034206083	NA	"abundance"	46	22
"Bifidobacterium_pseudocatenulatum.t__SGB17237"	"Read_depth"	"Read_depth"	"Read_depth"	-0.627253924136006	-0.276060544193719	3.89313897211028	0.931959099716936	0.999883933018643	0.961806684281923	0.975905756011457	NA	"abundance"	46	7
"Bifidobacterium_pseudocatenulatum.t__SGB17237"	"Termness"	"preterm"	"Termnesspreterm"	0.33577281292117	-0.594152111852144	2.25249103642576	0.705844983582562	0.999883933018643	0.913472826316457	0.975905756011457	NA	"abundance"	46	7
"Citrobacter_freundii.t__SGB10083"	"Read_depth"	"Read_depth"	"Read_depth"	-1.8809468536749	-0.276060544193719	6.55888626718931	0.817951437672755	0.999883933018643	0.937738588503439	0.975905756011457	NA	"abundance"	46	7
"Clostridium_neonatale.t__SGB6169"	"Read_depth"	"Read_depth"	"Read_depth"	-0.369401624576558	-0.276060544193719	3.35901379912258	0.978759624574588	0.999883933018643	0.988387492075457	0.988387492075457	NA	"abundance"	46	8
"Clostridium_neonatale.t__SGB6169"	"Termness"	"preterm"	"Termnesspreterm"	1.43705089477773	-0.594152111852144	4.30953925493963	0.654896671665895	0.999883933018643	0.244475680317109	0.833641214211017	NA	"abundance"	46	8
"Clostridium_paraputrificum.t__SGB6187"	"Read_depth"	"Read_depth"	"Read_depth"	1.09765643504461	-0.276060544193719	2.97234560531016	0.661774769552291	0.999883933018643	0.332524286126103	0.938408206477095	NA	"abundance"	46	8
"Clostridium_paraputrificum.t__SGB6187"	"Termness"	"preterm"	"Termnesspreterm"	0.410480872932671	-0.594152111852144	4.18291338649963	0.818536461315882	0.999883933018643	0.85169700441993	0.975905756011457	NA	"abundance"	46	8
"Enterobacter_asburiae.t__SGB10141"	"Read_depth"	"Read_depth"	"Read_depth"	-0.196269146279975	-0.276060544193719	2.26315132743689	0.972764021316538	0.999883933018643	0.57800265210261	0.947737034206083	NA	"abundance"	46	10
"Enterobacter_hormaechei.t__SGB10130"	"Read_depth"	"Read_depth"	"Read_depth"	-0.599283330486792	-0.276060544193719	1.26117970576141	0.806914113383915	0.999883933018643	0.96271784038968	0.975905756011457	NA	"abundance"	46	11
"Enterococcus_faecalis.t__SGB7962"	"Read_depth"	"Read_depth"	"Read_depth"	-0.929610163045605	-0.276060544193719	0.944671901223093	0.513056609808049	0.999883933018643	0.589747295005879	0.947737034206083	NA	"abundance"	46	36
"Enterococcus_faecalis.t__SGB7962"	"Termness"	"preterm"	"Termnesspreterm"	-0.227656567275228	-0.594152111852144	1.3150562206891	0.798790592930895	0.999883933018643	0.213194455918507	0.833641214211017	NA	"abundance"	46	36
"Escherichia_coli.t__SGB10068"	"Read_depth"	"Read_depth"	"Read_depth"	0.245898060014428	-0.276060544193719	1.89355960188804	0.785572298987655	0.999883933018643	0.95402076103856	0.975905756011457	NA	"abundance"	46	22
"Finegoldia_magna.t__SGB6686_group"	"Read_depth"	"Read_depth"	"Read_depth"	-0.811504892554237	-0.276060544193719	3.21961052352904	0.877816469251869	0.999883933018643	0.400076160574007	0.938408206477095	NA	"abundance"	46	6
"Finegoldia_magna.t__SGB6686_group"	"Termness"	"preterm"	"Termnesspreterm"	1.13096800227053	-0.594152111852144	5.9807864969475	0.790056685603316	0.999883933018643	0.178422175996577	0.825202563984169	NA	"abundance"	46	6
"Haemophilus_parainfluenzae.t__SGB9657"	"Termness"	"preterm"	"Termnesspreterm"	-0.258477699699981	-0.594152111852144	3.13223529481153	0.921034707941085	0.999883933018643	0.939523038618672	0.975905756011457	NA	"abundance"	46	6
"Haemophilus_parainfluenzae.t__SGB9663_group"	"Read_depth"	"Read_depth"	"Read_depth"	-0.0471497083790615	-0.276060544193719	0.452326362192003	0.690058518599368	0.999883933018643	0.903936278107182	0.975905756011457	NA	"abundance"	46	17
"Haemophilus_parainfluenzae.t__SGB9663_group"	"Termness"	"preterm"	"Termnesspreterm"	-0.256539599091001	-0.594152111852144	1.71603891553014	0.851989794386511	0.999883933018643	0.00284710823644337	0.0686573995375749	NA	"abundance"	46	17
"Klebsiella_michiganensis.t__SGB10119"	"Termness"	"preterm"	"Termnesspreterm"	-0.993245479599468	-0.594152111852144	2.23925599682553	0.862474116188984	0.999883933018643	0.918590456737905	0.975905756011457	NA	"abundance"	46	13
"Klebsiella_pneumoniae.t__SGB10115"	"Termness"	"preterm"	"Termnesspreterm"	0.0184763524702983	-0.594152111852144	2.75493197859114	0.83180798485943	0.999883933018643	0.0236367915049601	0.194346952374116	NA	"abundance"	46	22
"Klebsiella_variicola.t__SGB10114"	"Read_depth"	"Read_depth"	"Read_depth"	-0.680582001757914	-0.276060544193719	3.92252342189053	0.919905980546619	0.999883933018643	0.910547638433318	0.975905756011457	NA	"abundance"	46	11
"Lacticaseibacillus_rhamnosus.t__SGB7144"	"Read_depth"	"Read_depth"	"Read_depth"	0.290532370927822	-0.276060544193719	1.22675058585295	0.668979249617491	0.999883933018643	0.890425262816201	0.975905756011457	NA	"abundance"	46	8
"Scardovia_wiggsiae.t__SGB15494"	"Read_depth"	"Read_depth"	"Read_depth"	0.674990992320138	-0.276060544193719	1.88430836877318	0.663684828088729	0.999883933018643	0.721929669880397	0.975905756011457	NA	"abundance"	46	5
"Scardovia_wiggsiae.t__SGB15494"	"Termness"	"preterm"	"Termnesspreterm"	-0.811761074665602	-0.594152111852144	4.23128075623127	0.963345547769011	0.999883933018643	0.500891068957653	0.947737034206083	NA	"abundance"	46	5
"Staphylococcus_aureus.t__SGB7852"	"Read_depth"	"Read_depth"	"Read_depth"	-0.489042149364653	-0.276060544193719	0.437149770157056	0.703328746698909	0.999883933018643	0.91198616746476	0.975905756011457	NA	"abundance"	46	30
"Staphylococcus_aureus.t__SGB7852"	"Termness"	"preterm"	"Termnesspreterm"	-0.770134488901808	-0.594152111852144	1.02091691442782	0.881670243840528	0.999883933018643	0.675661269434668	0.975905756011457	NA	"abundance"	46	30
"Staphylococcus_epidermidis.t__SGB7865"	"Read_depth"	"Read_depth"	"Read_depth"	-0.490283917778475	-0.276060544193719	0.422417855380175	0.694644663630061	0.999883933018643	0.906758118550401	0.975905756011457	NA	"abundance"	46	38
"Staphylococcus_haemolyticus.t__SGB7861"	"Read_depth"	"Read_depth"	"Read_depth"	-0.163153085025637	-0.276060544193719	1.34353462110092	0.941093245399401	0.999883933018643	0.921740978485047	0.975905756011457	NA	"abundance"	46	5
"Staphylococcus_hominis.t__SGB7858"	"Read_depth"	"Read_depth"	"Read_depth"	-0.596162421505574	-0.276060544193719	0.740280922061597	0.696375504015723	0.999883933018643	0.907812165438294	0.975905756011457	NA	"abundance"	46	13
"Staphylococcus_lugdunensis.t__SGB7850"	"Read_depth"	"Read_depth"	"Read_depth"	0.977189229092057	-0.276060544193719	2.0926833084624	0.571256003507183	0.999883933018643	0.598983407251013	0.947737034206083	NA	"abundance"	46	9
"Streptococcus_parasanguinis.t__SGB8071"	"Read_depth"	"Read_depth"	"Read_depth"	-0.12177762413096	-0.276060544193719	1.17896021465634	0.900408836662191	0.999883933018643	0.720341811861727	0.975905756011457	NA	"abundance"	46	12
"Streptococcus_salivarius.t__SGB8007_group"	"Termness"	"preterm"	"Termnesspreterm"	-1.3389675526961	-0.594152111852144	1.44395499674453	0.631584789348896	0.999883933018643	0.0060926654763932	0.0901714490506193	NA	"abundance"	46	24
"Streptococcus_vestibularis.t__SGB8003"	"Read_depth"	"Read_depth"	"Read_depth"	-0.768040409834648	-0.276060544193719	1.00241723985228	0.644997055880036	0.999883933018643	0.43009264140719	0.938408206477095	NA	"abundance"	46	13
"Veillonella_atypica.t__SGB6936"	"Read_depth"	"Read_depth"	"Read_depth"	-0.0513842059075286	-0.276060544193719	0.417930339631437	0.682798548559269	0.999883933018643	0.790022326563943	0.975905756011457	NA	"abundance"	46	13
"Veillonella_atypica.t__SGB6936"	"Termness"	"preterm"	"Termnesspreterm"	-0.321777805300823	-0.594152111852144	1.37178829985096	0.85629188632016	0.999883933018643	0.408445214244366	0.938408206477095	NA	"abundance"	46	13
"Veillonella_dispar.t__SGB6952"	"Termness"	"preterm"	"Termnesspreterm"	-1.0669021073734	-0.594152111852144	1.55919064244483	0.776459474400195	0.999883933018643	0.0514267140650981	0.345961530983387	NA	"abundance"	46	15
"Veillonella_parvula.t__SGB6939"	"Read_depth"	"Read_depth"	"Read_depth"	0.41723423768783	-0.276060544193719	1.5121175664767	0.654277165728212	0.999883933018643	0.880475721863082	0.975905756011457	NA	"abundance"	46	18
"Veillonella_parvula.t__SGB6939"	"Termness"	"preterm"	"Termnesspreterm"	-0.182224219025257	-0.594152111852144	1.81498873362954	0.82879158751425	0.999883933018643	0.886170114896622	0.975905756011457	NA	"abundance"	46	18
"Bifidobacterium_bifidum.t__SGB17256"	"Read_depth"	"Read_depth"	"Read_depth"	-0.150079913616666	0	0.362169053644859	0.678587137515338	0.999883933018643	0.704601930643691	0.975905756011457	NA	"prevalence"	46	23
"Bifidobacterium_longum.t__SGB17248"	"Termness"	"preterm"	"Termnesspreterm"	0.035906377860092	0	0.69787605684836	0.958966195691294	0.999883933018643	0.614462928495099	0.947737034206083	NA	"prevalence"	46	12
"Bifidobacterium_pseudocatenulatum.t__SGB17237"	"Read_depth"	"Read_depth"	"Read_depth"	0.114192382256178	0	0.46149807684054	0.804568897771933	0.999883933018643	0.961806684281923	0.975905756011457	NA	"prevalence"	46	7
"Bifidobacterium_pseudocatenulatum.t__SGB17237"	"Termness"	"preterm"	"Termnesspreterm"	0.25579614398998	0	0.808934054272757	0.751840203157775	0.999883933018643	0.913472826316457	0.975905756011457	NA	"prevalence"	46	7
"Citrobacter_freundii.t__SGB10083"	"Read_depth"	"Read_depth"	"Read_depth"	-0.105843437735762	0	0.332830921617448	0.750477633273967	0.999883933018643	0.937738588503439	0.975905756011457	NA	"prevalence"	46	7
"Clostridium_neonatale.t__SGB6169"	"Read_depth"	"Read_depth"	"Read_depth"	0.0472934581768769	0	0.349101194224806	0.89223865291978	0.999883933018643	0.988387492075457	0.988387492075457	NA	"prevalence"	46	8
"Clostridium_paraputrificum.t__SGB6187"	"Termness"	"preterm"	"Termnesspreterm"	0.463176507399179	0	0.920657389169556	0.614898720360383	0.999883933018643	0.85169700441993	0.975905756011457	NA	"prevalence"	46	8
"Clostridium_perfringens.t__SGB6191"	"Termness"	"preterm"	"Termnesspreterm"	0.0684840050523547	0	0.607239434796018	0.910205573356947	0.999883933018643	0.208704017339151	0.833641214211017	NA	"prevalence"	46	20
"Cutibacterium_avidum.t__SGB16953"	"Read_depth"	"Read_depth"	"Read_depth"	0.10511391521334	0	0.375463991039492	0.77951020368879	0.999883933018643	0.951384249722641	0.975905756011457	NA	"prevalence"	46	13
"Enterobacter_asburiae.t__SGB10141"	"Termness"	"preterm"	"Termnesspreterm"	0.155068655564313	0	0.776381228928951	0.841689702120632	0.999883933018643	0.673360539082609	0.975905756011457	NA	"prevalence"	46	10
"Enterobacter_hormaechei.t__SGB10130"	"Read_depth"	"Read_depth"	"Read_depth"	0.0792600162917979	0	0.4320289836166	0.854437139651475	0.999883933018643	0.96271784038968	0.975905756011457	NA	"prevalence"	46	11
"Escherichia_coli.t__SGB10068"	"Read_depth"	"Read_depth"	"Read_depth"	0.0233392500036058	0	0.309195128782002	0.939829717677435	0.999883933018643	0.95402076103856	0.975905756011457	NA	"prevalence"	46	22
"Haemophilus_haemolyticus.t__SGB9649"	"Read_depth"	"Read_depth"	"Read_depth"	0.0910813207682724	0	0.393463888200397	0.8169373806342	0.999883933018643	0.8169373806342	0.975905756011457	NA	"prevalence"	46	5
"Haemophilus_parainfluenzae.t__SGB9657"	"Termness"	"preterm"	"Termnesspreterm"	-0.311783002254606	0	0.995269275316078	0.754079359586617	0.999883933018643	0.939523038618672	0.975905756011457	NA	"prevalence"	46	6
"Haemophilus_parainfluenzae.t__SGB9663_group"	"Read_depth"	"Read_depth"	"Read_depth"	0.100237405431331	0	0.307605017215737	0.744527244017271	0.999883933018643	0.903936278107182	0.975905756011457	NA	"prevalence"	46	17
"Klebsiella_grimontii.t__SGB10120"	"Read_depth"	"Read_depth"	"Read_depth"	0.235234718107192	0	0.514191972835896	0.647323035639637	0.999883933018643	0.0859400817955344	0.45327477454342	NA	"prevalence"	46	8
"Klebsiella_michiganensis.t__SGB10119"	"Termness"	"preterm"	"Termnesspreterm"	0.252637956437071	0	0.691055398563316	0.714676423578256	0.999883933018643	0.918590456737905	0.975905756011457	NA	"prevalence"	46	13
"Klebsiella_variicola.t__SGB10114"	"Read_depth"	"Read_depth"	"Read_depth"	0.183529747025879	0	0.477834053899302	0.700914123424923	0.999883933018643	0.910547638433318	0.975905756011457	NA	"prevalence"	46	11
"Lacticaseibacillus_rhamnosus.t__SGB7144"	"Read_depth"	"Read_depth"	"Read_depth"	-0.0157065975222728	0	0.450192254991083	0.972168535511534	0.999883933018643	0.890425262816201	0.975905756011457	NA	"prevalence"	46	8
"Raoultella_ornithinolytica.t__SGB10124"	"Read_depth"	"Read_depth"	"Read_depth"	0.0879684661221518	0	0.506300074695451	0.862063759865069	0.999883933018643	0.534206917204946	0.947737034206083	NA	"prevalence"	46	7
"Staphylococcus_aureus.t__SGB7852"	"Read_depth"	"Read_depth"	"Read_depth"	-0.0211920977824295	0	0.304436971409148	0.94450344938902	0.999883933018643	0.91198616746476	0.975905756011457	NA	"prevalence"	46	30
"Staphylococcus_epidermidis.t__SGB7865"	"Read_depth"	"Read_depth"	"Read_depth"	0.0301645157216214	0	0.365238057224922	0.934178631553016	0.999883933018643	0.906758118550401	0.975905756011457	NA	"prevalence"	46	38
"Staphylococcus_epidermidis.t__SGB7865"	"Termness"	"preterm"	"Termnesspreterm"	0.104924827835621	0	0.748263656981422	0.888482688152783	0.999883933018643	0.0918800218669094	0.45327477454342	NA	"prevalence"	46	38
"Staphylococcus_haemolyticus.t__SGB7861"	"Read_depth"	"Read_depth"	"Read_depth"	0.260806732423924	0	0.728261825106625	0.720251860569274	0.999883933018643	0.921740978485047	0.975905756011457	NA	"prevalence"	46	5
"Staphylococcus_hominis.t__SGB7858"	"Read_depth"	"Read_depth"	"Read_depth"	-0.0575725191466289	0	0.312419998324024	0.853794400875651	0.999883933018643	0.907812165438294	0.975905756011457	NA	"prevalence"	46	13
"Streptococcus_salivarius.t__SGB8007_group"	"Read_depth"	"Read_depth"	"Read_depth"	0.193206546492581	0	0.317430425805051	0.542751196616905	0.999883933018643	0.544900711058331	0.947737034206083	NA	"prevalence"	46	24
"Streptococcus_vestibularis.t__SGB8003"	"Termness"	"preterm"	"Termnesspreterm"	-0.462807171450133	0	0.715280195146351	0.517613046234415	0.999883933018643	0.576796751375183	0.947737034206083	NA	"prevalence"	46	13
"Veillonella_atypica.t__SGB6936"	"Read_depth"	"Read_depth"	"Read_depth"	-0.189105934335274	0	0.309936846437756	0.541766791430327	0.999883933018643	0.790022326563943	0.975905756011457	NA	"prevalence"	46	13
"Veillonella_parvula.t__SGB6939"	"Read_depth"	"Read_depth"	"Read_depth"	0.141710357750842	0	0.333124376709407	0.670546751597977	0.999883933018643	0.880475721863082	0.975905756011457	NA	"prevalence"	46	18
"Veillonella_parvula.t__SGB6939"	"Termness"	"preterm"	"Termnesspreterm"	0.265976188805848	0	0.609606247835238	0.662613152148193	0.999883933018643	0.886170114896622	0.975905756011457	NA	"prevalence"	46	18
"Clostridium_perfringens.t__SGB6191"	"Read_depth"	"Read_depth"	"Read_depth"	-0.286807068983106	-0.276060544193719	0.655805189809877	0.988258147148966	1	0.503360761685434	0.947737034206083	NA	"abundance"	46	20
"Cutibacterium_avidum.t__SGB16953"	"Read_depth"	"Read_depth"	"Read_depth"	-0.265314019404332	-0.276060544193719	1.35340844616671	0.993872652682974	1	0.951384249722641	0.975905756011457	NA	"abundance"	46	13
"Streptococcus_parasanguinis.t__SGB8071"	"Termness"	"preterm"	"Termnesspreterm"	-0.594152111852144	-0.594152111852144	2.86256428047675	1	1	0.0100947327419567	0.124501703817465	NA	"abundance"	46	12
"Enterobacter_hormaechei.t__SGB10130"	"Termness"	"preterm"	"Termnesspreterm"	1.09107222601745	0	0.742511614756987	0.141714959912198	0.838480179480503	0.00141850009075206	0.0524845033578263	"Prevalence association possibly induced by stronger abundance association"	"prevalence"	46	11
"Haemophilus_haemolyticus.t__SGB9649"	"Read_depth"	"Read_depth"	"Read_depth"	NA	NA	NA	NA	NA	0.8169373806342	0.975905756011457	"contrasts can be applied only to factors with 2 or more levels"	"abundance"	46	5
"Haemophilus_haemolyticus.t__SGB9649"	"Termness"	"preterm"	"Termnesspreterm"	NA	NA	NA	NA	NA	0.0748812180076713	0.426246933274437	"contrasts can be applied only to factors with 2 or more levels"	"abundance"	46	5
"Lactobacillus_acidophilus.t__SGB7044"	"Read_depth"	"Read_depth"	"Read_depth"	NA	NA	NA	NA	NA	0.256700745944986	0.833641214211017	"No data points have the baseline factor level"	"abundance"	46	10
"Lactobacillus_acidophilus.t__SGB7044"	"Termness"	"preterm"	"Termnesspreterm"	NA	NA	NA	NA	NA	0.0346986942618669	0.256770337537815	"No data points have the baseline factor level"	"abundance"	46	10
"Streptococcus_mitis.t__SGB8168"	"Read_depth"	"Read_depth"	"Read_depth"	NA	NA	NA	NA	NA	0.419958595483562	0.938408206477095	"contrasts can be applied only to factors with 2 or more levels"	"abundance"	46	9
"Streptococcus_mitis.t__SGB8168"	"Termness"	"preterm"	"Termnesspreterm"	NA	NA	NA	NA	NA	0.0223025827110646	0.194346952374116	"contrasts can be applied only to factors with 2 or more levels"	"abundance"	46	9
