"feature","metadata","value","name","coef","null_hypothesis","stderr","pval_individual","qval_individual","pval_joint","qval_joint","error","model","N","N_not_zero"
"Bifidobacterium_bifidum.t__SGB17256","acetate","acetate","acetate",0.188656373824275,0,0.362559076580437,0.602822039104963,1,0.632167304339277,0.999987886044395,NA,"prevalence",80,43
"Bifidobacterium_bifidum.t__SGB17256","Antibiotics","Yes","AntibioticsYes",-1.24933956115926,0,1.61405558485616,0.43890861138225,1,0.685176453619005,0.999987886044395,NA,"prevalence",80,43
"Bifidobacterium_bifidum.t__SGB17256","butyrate","butyrate","butyrate",-0.0476243580477237,0,0.441426332014646,0.914084978347205,1,0.9926186090544,0.999987886044395,NA,"prevalence",80,43
"Bifidobacterium_bifidum.t__SGB17256","Delivery_mode","C-section","Delivery_modeC-section",-1.43034937781334,0,0.929550343834234,0.123864345872051,1,0.232386315565792,0.999987886044395,NA,"prevalence",80,43
"Bifidobacterium_bifidum.t__SGB17256","Ethnicity","European","EthnicityEuropean",-1.22383500413208,0,0.717061783325508,0.0878711731120516,1,0.168021003160015,0.999987886044395,NA,"prevalence",80,43
"Bifidobacterium_bifidum.t__SGB17256","Feeding_method","Breastfed","Feeding_methodBreastfed",1.14981196250169,0,0.791604087677271,0.146360163379515,1,0.271299029334552,0.999987886044395,NA,"prevalence",80,43
"Bifidobacterium_bifidum.t__SGB17256","isobutyrate","isobutyrate","isobutyrate",-0.120566773325648,0,0.447274882240082,0.787499884553852,1,0.246764100660226,0.999987886044395,NA,"prevalence",80,43
"Bifidobacterium_bifidum.t__SGB17256","Probiotics","Yes","ProbioticsYes",5.19968352821409,0,1.88500474780766,0.00580769259303834,1,0.0115816558928214,0.999987886044395,NA,"prevalence",80,43
"Bifidobacterium_bifidum.t__SGB17256","propionate","propionate","propionate",-0.315544237900214,0,0.423030983873456,0.455720075020748,1,0.70375936326458,0.999987886044395,NA,"prevalence",80,43
"Bifidobacterium_bifidum.t__SGB17256","Read_depth","Read_depth","Read_depth",-0.168221407160349,0,0.310062895410359,0.58744681752293,1,0.829799871628041,0.999987886044395,NA,"prevalence",80,43
"Bifidobacterium_bifidum.t__SGB17256","Sex","Female","SexFemale",-0.366341168976539,0,0.761860038712322,0.63062239331542,1,0.802763272414694,0.999987886044395,NA,"prevalence",80,43
"Bifidobacterium_bifidum.t__SGB17256","Termness","term","Termnessterm",-0.0185779949907515,0,1.28959160493611,0.988505987002231,1,0.655516161024113,0.999987886044395,NA,"prevalence",80,43
"Bifidobacterium_breve.t__SGB17247","acetate","acetate","acetate",0.597000481189901,0,0.311356071110713,0.0551845451173665,1,0.107323756214922,0.999987886044395,NA,"prevalence",80,39
"Bifidobacterium_breve.t__SGB17247","Antibiotics","Yes","AntibioticsYes",-0.862721094823716,0,0.853563709724018,0.312146433530788,1,0.526857471095586,0.999987886044395,NA,"prevalence",80,39
"Bifidobacterium_breve.t__SGB17247","butyrate","butyrate","butyrate",-0.167785203895143,0,0.367740302315828,0.648202997628719,1,0.640105833193064,0.999987886044395,NA,"prevalence",80,39
"Bifidobacterium_breve.t__SGB17247","Delivery_mode","C-section","Delivery_modeC-section",-1.21969300692403,0,0.641521886849275,0.057269372829294,1,0.111258964594327,0.999987886044395,NA,"prevalence",80,39
"Bifidobacterium_breve.t__SGB17247","Ethnicity","European","EthnicityEuropean",-0.587596426637516,0,0.582234727577912,0.312874494064004,1,0.527858539092201,0.999987886044395,NA,"prevalence",80,39
"Bifidobacterium_breve.t__SGB17247","Feeding_method","Breastfed","Feeding_methodBreastfed",0.608309203919505,0,0.5478901858524,0.266880206202668,1,0.462535367942558,0.999987886044395,NA,"prevalence",80,39
"Bifidobacterium_breve.t__SGB17247","isobutyrate","isobutyrate","isobutyrate",-0.597387060936521,0,0.410913570633207,0.146001148019848,1,0.270685960816581,0.999987886044395,NA,"prevalence",80,39
"Bifidobacterium_breve.t__SGB17247","Probiotics","Yes","ProbioticsYes",-0.323550177996237,0,1.10930538888734,0.770539586312963,1,0.114842155871327,0.999987886044395,NA,"prevalence",80,39
"Bifidobacterium_breve.t__SGB17247","propionate","propionate","propionate",0.23528642624241,0,0.293831437812592,0.423274611884351,1,0.667387826702854,0.999987886044395,NA,"prevalence",80,39
"Bifidobacterium_breve.t__SGB17247","Read_depth","Read_depth","Read_depth",0.0985818821913842,0,0.257584552450116,0.70192991043678,1,0.332218829032345,0.999987886044395,NA,"prevalence",80,39
"Bifidobacterium_breve.t__SGB17247","Sex","Female","SexFemale",0.783359763820705,0,0.523346593881668,0.13443805422488,1,0.226665882958125,0.999987886044395,NA,"prevalence",80,39
"Bifidobacterium_breve.t__SGB17247","Termness","term","Termnessterm",-1.17660521056646,0,0.98469075762337,0.232126807549024,1,0.410370760315146,0.999987886044395,NA,"prevalence",80,39
"Bifidobacterium_longum.t__SGB17248","acetate","acetate","acetate",-0.359417591429056,0,0.306472087236996,0.240892866012584,1,0.423756359129411,0.999987886044395,NA,"prevalence",80,20
"Bifidobacterium_longum.t__SGB17248","Antibiotics","Yes","AntibioticsYes",-0.187088692207047,0,0.92754191507787,0.840148322644711,1,0.280419148294812,0.999987886044395,NA,"prevalence",80,20
"Bifidobacterium_longum.t__SGB17248","butyrate","butyrate","butyrate",-0.260215936435954,0,0.413425925081948,0.529078258704426,1,0.778232713575144,0.999987886044395,NA,"prevalence",80,20
"Bifidobacterium_longum.t__SGB17248","Delivery_mode","C-section","Delivery_modeC-section",-0.429992828855684,0,0.626344381723836,0.492390405799609,1,0.742332499875714,0.999987886044395,NA,"prevalence",80,20
"Bifidobacterium_longum.t__SGB17248","Ethnicity","European","EthnicityEuropean",-0.147737434685983,0,0.578144546632776,0.798308220885042,1,0.959320426237443,0.999987886044395,NA,"prevalence",80,20
"Bifidobacterium_longum.t__SGB17248","Feeding_method","Breastfed","Feeding_methodBreastfed",-0.384839128234337,0,0.55417545710461,0.48740911734605,1,0.737250587020044,0.999987886044395,NA,"prevalence",80,20
"Bifidobacterium_longum.t__SGB17248","isobutyrate","isobutyrate","isobutyrate",0.0842290214078988,0,0.308345209253916,0.784726626600711,1,0.923957844266591,0.999987886044395,NA,"prevalence",80,20
"Bifidobacterium_longum.t__SGB17248","Probiotics","Yes","ProbioticsYes",1.59192879160601,0,1.73875970243578,0.359900749471765,1,0.359900749471765,0.999987886044395,NA,"prevalence",80,20
"Bifidobacterium_longum.t__SGB17248","propionate","propionate","propionate",0.0632705275327853,0,0.279232090773077,0.82074444019403,1,0.967867444278648,0.999987886044395,NA,"prevalence",80,20
"Bifidobacterium_longum.t__SGB17248","Read_depth","Read_depth","Read_depth",0.00976538672587103,0,0.274640908957964,0.971635653933162,1,0.331216326275447,0.999987886044395,NA,"prevalence",80,20
"Bifidobacterium_longum.t__SGB17248","Sex","Female","SexFemale",-0.755024048044872,0,0.556979641166004,0.175236504911792,1,0.319765177169883,0.999987886044395,NA,"prevalence",80,20
"Bifidobacterium_longum.t__SGB17248","Termness","term","Termnessterm",2.00430545957942,0,1.63808626466304,0.221116268502476,1,0.229262488563511,0.999987886044395,NA,"prevalence",80,20
"Bifidobacterium_pseudocatenulatum.t__SGB17237","acetate","acetate","acetate",-0.0258002100065853,0,0.319357381839853,0.935610636548195,1,0.935610636548195,0.999987886044395,NA,"prevalence",80,10
"Bifidobacterium_pseudocatenulatum.t__SGB17237","Antibiotics","Yes","AntibioticsYes",0.221010747392469,0,1.33511354360697,0.868521296302652,1,0.868521296302652,0.999987886044395,NA,"prevalence",80,10
"Bifidobacterium_pseudocatenulatum.t__SGB17237","butyrate","butyrate","butyrate",-0.286701505882922,0,0.6208048392633,0.644208772571452,1,0.644208772571452,0.999987886044395,NA,"prevalence",80,10
"Bifidobacterium_pseudocatenulatum.t__SGB17237","Delivery_mode","C-section","Delivery_modeC-section",-0.364715360081501,0,0.765771368602702,0.633880704725464,1,0.633880704725464,0.999987886044395,NA,"prevalence",80,10
"Bifidobacterium_pseudocatenulatum.t__SGB17237","Ethnicity","European","EthnicityEuropean",-0.833068424787291,0,0.703871469109774,0.236590484641569,1,0.236590484641569,0.999987886044395,NA,"prevalence",80,10
"Bifidobacterium_pseudocatenulatum.t__SGB17237","Feeding_method","Breastfed","Feeding_methodBreastfed",-0.113402388718038,0,0.699659181353992,0.871241022620283,1,0.871241022620283,0.999987886044395,NA,"prevalence",80,10
"Bifidobacterium_pseudocatenulatum.t__SGB17237","isobutyrate","isobutyrate","isobutyrate",0.174543156515922,0,0.344963425831488,0.612873615671272,1,0.612873615671272,0.999987886044395,NA,"prevalence",80,10
"Bifidobacterium_pseudocatenulatum.t__SGB17237","Probiotics","Yes","ProbioticsYes",-2.52998358750826,0,1.40367429931767,0.0714823797940361,1,0.0714823797940361,0.999987886044395,NA,"prevalence",80,10
"Bifidobacterium_pseudocatenulatum.t__SGB17237","propionate","propionate","propionate",-0.168866043395373,0,0.427345289886801,0.692731237022298,1,0.692731237022298,0.999987886044395,NA,"prevalence",80,10
"Bifidobacterium_pseudocatenulatum.t__SGB17237","Read_depth","Read_depth","Read_depth",-0.101695384998915,0,0.322179650300363,0.75226964652997,1,0.75226964652997,0.999987886044395,NA,"prevalence",80,10
"Bifidobacterium_pseudocatenulatum.t__SGB17237","Sex","Female","SexFemale",-0.687751367431351,0,0.688297087064451,0.317694355259615,1,0.317694355259615,0.999987886044395,NA,"prevalence",80,10
"Bifidobacterium_pseudocatenulatum.t__SGB17237","Termness","term","Termnessterm",-1.44289935131893,0,1.02071678918132,0.157475323644339,1,0.157475323644339,0.999987886044395,NA,"prevalence",80,10
"Citrobacter_freundii.t__SGB10083","acetate","acetate","acetate",-0.230128368853667,0,0.346012646550093,0.505995115558027,1,0.505995115558027,0.999987886044395,NA,"prevalence",80,10
"Citrobacter_freundii.t__SGB10083","Antibiotics","Yes","AntibioticsYes",-1.14288179358766,0,1.14684299983599,0.318984932818411,1,0.318984932818411,0.999987886044395,NA,"prevalence",80,10
"Citrobacter_freundii.t__SGB10083","butyrate","butyrate","butyrate",0.542102462872986,0,0.391489045126448,0.166138294667698,1,0.166138294667698,0.999987886044395,NA,"prevalence",80,10
"Citrobacter_freundii.t__SGB10083","Delivery_mode","C-section","Delivery_modeC-section",-0.326390920136298,0,0.792909153608925,0.680605346137716,1,0.680605346137716,0.999987886044395,NA,"prevalence",80,10
"Citrobacter_freundii.t__SGB10083","Ethnicity","European","EthnicityEuropean",-0.0536224696558378,0,0.700275615883762,0.938962937787301,1,0.938962937787301,0.999987886044395,NA,"prevalence",80,10
"Citrobacter_freundii.t__SGB10083","Feeding_method","Breastfed","Feeding_methodBreastfed",-0.912877994458243,0,0.69493079172489,0.188972657547405,1,0.188972657547405,0.999987886044395,NA,"prevalence",80,10
"Citrobacter_freundii.t__SGB10083","isobutyrate","isobutyrate","isobutyrate",0.0951593100016399,0,0.31830782326893,0.764975352521947,1,0.764975352521947,0.999987886044395,NA,"prevalence",80,10
"Citrobacter_freundii.t__SGB10083","Probiotics","Yes","ProbioticsYes",-0.333565267435936,0,1.30816875170532,0.798733587502064,1,0.798733587502064,0.999987886044395,NA,"prevalence",80,10
"Citrobacter_freundii.t__SGB10083","propionate","propionate","propionate",-0.217471813712553,0,0.370158706175004,0.556861468066553,1,0.556861468066553,0.999987886044395,NA,"prevalence",80,10
"Citrobacter_freundii.t__SGB10083","Read_depth","Read_depth","Read_depth",-0.152940292347155,0,0.29195478754886,0.600383405212153,1,0.600383405212153,0.999987886044395,NA,"prevalence",80,10
"Citrobacter_freundii.t__SGB10083","Sex","Female","SexFemale",-0.600945966002981,0,0.681561481743785,0.377928579004266,1,0.377928579004266,0.999987886044395,NA,"prevalence",80,10
"Citrobacter_freundii.t__SGB10083","Termness","term","Termnessterm",-0.325563201240494,0,1.13454238394259,0.774146377403524,1,0.774146377403524,0.999987886044395,NA,"prevalence",80,10
"Clostridium_neonatale.t__SGB6169","acetate","acetate","acetate",-0.266192575577295,0,0.395605302752715,0.501027369045763,1,0.501027369045763,0.999987886044395,NA,"prevalence",80,11
"Clostridium_neonatale.t__SGB6169","Antibiotics","Yes","AntibioticsYes",0.446193816111418,0,1.45292550136325,0.758767050966965,1,0.758767050966965,0.999987886044395,NA,"prevalence",80,11
"Clostridium_neonatale.t__SGB6169","butyrate","butyrate","butyrate",1.09945473751759,0,0.651044330340273,0.0912662819677357,1,0.0912662819677357,0.999987886044395,NA,"prevalence",80,11
"Clostridium_neonatale.t__SGB6169","Delivery_mode","C-section","Delivery_modeC-section",0.702135284393957,0,0.804513522832286,0.382801995949451,1,0.382801995949451,0.999987886044395,NA,"prevalence",80,11
"Clostridium_neonatale.t__SGB6169","Ethnicity","European","EthnicityEuropean",-0.106910542225619,0,0.717617136178431,0.881569479090524,1,0.881569479090524,0.999987886044395,NA,"prevalence",80,11
"Clostridium_neonatale.t__SGB6169","Feeding_method","Breastfed","Feeding_methodBreastfed",0.0340647409922692,0,0.712807305424171,0.961883964230066,1,0.961883964230066,0.999987886044395,NA,"prevalence",80,11
"Clostridium_neonatale.t__SGB6169","isobutyrate","isobutyrate","isobutyrate",-0.277442429411125,0,0.358388571341965,0.438848828893995,1,0.438848828893995,0.999987886044395,NA,"prevalence",80,11
"Clostridium_neonatale.t__SGB6169","Probiotics","Yes","ProbioticsYes",-1.16854870130989,0,1.56775239346599,0.456050734597324,1,0.456050734597324,0.999987886044395,NA,"prevalence",80,11
"Clostridium_neonatale.t__SGB6169","propionate","propionate","propionate",-0.00415793243773351,0,0.423187551119583,0.992160693971782,1,0.992160693971782,0.999987886044395,NA,"prevalence",80,11
"Clostridium_neonatale.t__SGB6169","Read_depth","Read_depth","Read_depth",0.0779072356353094,0,0.279586657888336,0.780512302464224,1,0.780512302464224,0.999987886044395,NA,"prevalence",80,11
"Clostridium_neonatale.t__SGB6169","Sex","Female","SexFemale",-0.426399351890352,0,0.66418911704683,0.520883018631208,1,0.520883018631208,0.999987886044395,NA,"prevalence",80,11
"Clostridium_neonatale.t__SGB6169","Termness","term","Termnessterm",0.51942452561327,0,1.09943566308905,0.636608123821144,1,0.636608123821144,0.999987886044395,NA,"prevalence",80,11
"Clostridium_perfringens.t__SGB6191","acetate","acetate","acetate",-0.0152348102549917,0,0.248946841963863,0.951202285744393,1,0.594533929099488,0.999987886044395,NA,"prevalence",80,32
"Clostridium_perfringens.t__SGB6191","Antibiotics","Yes","AntibioticsYes",-1.54368005701144,0,0.850474961008108,0.0695116226004542,1,0.13419137952436,0.999987886044395,NA,"prevalence",80,32
"Clostridium_perfringens.t__SGB6191","butyrate","butyrate","butyrate",-0.0627486522454352,0,0.250833474906117,0.802463154368264,1,0.217363834439027,0.999987886044395,NA,"prevalence",80,32
"Clostridium_perfringens.t__SGB6191","Delivery_mode","C-section","Delivery_modeC-section",0.322065574769592,0,0.646275515866631,0.61824372747082,1,0.576681973466083,0.999987886044395,NA,"prevalence",80,32
"Clostridium_perfringens.t__SGB6191","Ethnicity","European","EthnicityEuropean",0.488417678896692,0,0.561691843213014,0.384547796652011,1,0.621218585394106,0.999987886044395,NA,"prevalence",80,32
"Clostridium_perfringens.t__SGB6191","Feeding_method","Breastfed","Feeding_methodBreastfed",-0.438447904551833,0,0.543422859482057,0.419766512068779,1,0.66332909948317,0.999987886044395,NA,"prevalence",80,32
"Clostridium_perfringens.t__SGB6191","isobutyrate","isobutyrate","isobutyrate",0.494940755923041,0,0.335701469673922,0.140387945189957,1,0.261067115225256,0.999987886044395,NA,"prevalence",80,32
"Clostridium_perfringens.t__SGB6191","Probiotics","Yes","ProbioticsYes",-0.714242173253147,0,1.15046630437668,0.534712524608822,1,0.783507565244104,0.999987886044395,NA,"prevalence",80,32
"Clostridium_perfringens.t__SGB6191","propionate","propionate","propionate",-0.269435786651652,0,0.277120642508463,0.330916783569019,1,0.552327649490372,0.999987886044395,NA,"prevalence",80,32
"Clostridium_perfringens.t__SGB6191","Read_depth","Read_depth","Read_depth",-0.530396570928866,0,0.335640520455072,0.114049189915878,1,0.215091162111287,0.999987886044395,NA,"prevalence",80,32
"Clostridium_perfringens.t__SGB6191","Sex","Female","SexFemale",-0.245839852881556,0,0.5318108369435,0.643888172443509,1,0.873184366274376,0.999987886044395,NA,"prevalence",80,32
"Clostridium_perfringens.t__SGB6191","Termness","term","Termnessterm",-1.74166121122882,0,1.07788424540411,0.106134381814105,1,0.201004256625147,0.999987886044395,NA,"prevalence",80,32
"Cutibacterium_avidum.t__SGB16953","acetate","acetate","acetate",-0.051744307020086,0,0.26521373031641,0.845311391352077,1,0.94652699207297,0.999987886044395,NA,"prevalence",80,21
"Cutibacterium_avidum.t__SGB16953","Antibiotics","Yes","AntibioticsYes",0.389793496950337,0,0.968837029664441,0.687440195517796,1,0.70037114252528,0.999987886044395,NA,"prevalence",80,21
"Cutibacterium_avidum.t__SGB16953","butyrate","butyrate","butyrate",-0.454971736319897,0,0.618651733366307,0.462080912251637,1,0.710643055035969,0.999987886044395,NA,"prevalence",80,21
"Cutibacterium_avidum.t__SGB16953","Delivery_mode","C-section","Delivery_modeC-section",-0.397879044559878,0,0.646482968821925,0.538256455053333,1,0.510729272937111,0.999987886044395,NA,"prevalence",80,21
"Cutibacterium_avidum.t__SGB16953","Ethnicity","European","EthnicityEuropean",-0.366480572032864,0,0.580940694673721,0.528145209092888,1,0.777353056298006,0.999987886044395,NA,"prevalence",80,21
"Cutibacterium_avidum.t__SGB16953","Feeding_method","Breastfed","Feeding_methodBreastfed",0.569838563338734,0,0.577579052854733,0.323839560085263,1,0.542807059494309,0.999987886044395,NA,"prevalence",80,21
"Cutibacterium_avidum.t__SGB16953","isobutyrate","isobutyrate","isobutyrate",-0.398906022765197,0,0.494385729448213,0.419740208187901,1,0.66329857400618,0.999987886044395,NA,"prevalence",80,21
"Cutibacterium_avidum.t__SGB16953","Probiotics","Yes","ProbioticsYes",-1.55563920632319,0,1.10147487188001,0.157854633787414,1,0.29079118216667,0.999987886044395,NA,"prevalence",80,21
"Cutibacterium_avidum.t__SGB16953","propionate","propionate","propionate",0.62703019255127,0,0.290918209047916,0.0311345551465946,1,0.0612997497690128,0.999987886044395,NA,"prevalence",80,21
"Cutibacterium_avidum.t__SGB16953","Read_depth","Read_depth","Read_depth",0.0489735255170192,0,0.278099673180716,0.860214892017215,1,0.964645341012762,0.999987886044395,NA,"prevalence",80,21
"Cutibacterium_avidum.t__SGB16953","Sex","Female","SexFemale",-0.104328140054896,0,0.559964110037234,0.852199948043212,1,0.412564757905626,0.999987886044395,NA,"prevalence",80,21
"Cutibacterium_avidum.t__SGB16953","Termness","term","Termnessterm",-0.629104922961469,0,0.943825279751161,0.505060846097718,1,0.693427295167582,0.999987886044395,NA,"prevalence",80,21
"Enterobacter_asburiae.t__SGB10141","acetate","acetate","acetate",-0.173779445042232,0,0.312028737273932,0.577572452875419,1,0.235405844233627,0.999987886044395,NA,"prevalence",80,14
"Enterobacter_asburiae.t__SGB10141","Antibiotics","Yes","AntibioticsYes",-1.14687016360457,0,1.00143733950635,0.252116342613836,1,0.416409276703071,0.999987886044395,NA,"prevalence",80,14
"Enterobacter_asburiae.t__SGB10141","butyrate","butyrate","butyrate",0.298150349891011,0,0.282749459234232,0.291668553133543,1,0.481857453118483,0.999987886044395,NA,"prevalence",80,14
"Enterobacter_asburiae.t__SGB10141","Delivery_mode","C-section","Delivery_modeC-section",-0.40706683911087,0,0.739776114800051,0.582143248695142,1,0.435633911192777,0.999987886044395,NA,"prevalence",80,14
"Enterobacter_asburiae.t__SGB10141","Ethnicity","European","EthnicityEuropean",0.0658022486684804,0,0.666169813841225,0.921315338893709,1,0.338334991018644,0.999987886044395,NA,"prevalence",80,14
"Enterobacter_asburiae.t__SGB10141","Feeding_method","Breastfed","Feeding_methodBreastfed",-1.12343601369735,0,0.646380702534448,0.0822036302641717,1,0.157649823699735,0.999987886044395,NA,"prevalence",80,14
"Enterobacter_asburiae.t__SGB10141","isobutyrate","isobutyrate","isobutyrate",0.200712750784331,0,0.323760367467041,0.53529576745869,1,0.334128051681007,0.999987886044395,NA,"prevalence",80,14
"Enterobacter_asburiae.t__SGB10141","Probiotics","Yes","ProbioticsYes",1.73896512952801,0,1.74878134131031,0.320034578723394,1,0.320034578723394,0.999987886044395,NA,"prevalence",80,14
"Enterobacter_asburiae.t__SGB10141","propionate","propionate","propionate",-0.115747233063455,0,0.308643743584435,0.707646420575499,1,0.594664786401718,0.999987886044395,NA,"prevalence",80,14
"Enterobacter_asburiae.t__SGB10141","Read_depth","Read_depth","Read_depth",0.112094859218478,0,0.345488342754745,0.745594815053166,1,0.872009646112051,0.999987886044395,NA,"prevalence",80,14
"Enterobacter_asburiae.t__SGB10141","Sex","Female","SexFemale",-1.4386189359395,0,0.670169178225388,0.031821124096878,1,0.0626296642549671,0.999987886044395,NA,"prevalence",80,14
"Enterobacter_asburiae.t__SGB10141","Termness","term","Termnessterm",1.07130861345786,0,1.67843023063581,0.523291364403136,1,0.338454722965334,0.999987886044395,NA,"prevalence",80,14
"Enterobacter_hormaechei.t__SGB10130","acetate","acetate","acetate",0.123901023098003,0,0.256772693903067,0.629428122856945,1,0.862676483870672,0.999987886044395,NA,"prevalence",80,18
"Enterobacter_hormaechei.t__SGB10130","Antibiotics","Yes","AntibioticsYes",-1.18116766448802,0,0.846704550007119,0.163010562456228,1,0.299448681440159,0.999987886044395,NA,"prevalence",80,18
"Enterobacter_hormaechei.t__SGB10130","butyrate","butyrate","butyrate",-0.185048447699039,0,0.470749720031058,0.694250750080697,1,0.222016830687271,0.999987886044395,NA,"prevalence",80,18
"Enterobacter_hormaechei.t__SGB10130","Delivery_mode","C-section","Delivery_modeC-section",0.316819260151559,0,0.745035112384871,0.670661210055073,1,0.789315323087908,0.999987886044395,NA,"prevalence",80,18
"Enterobacter_hormaechei.t__SGB10130","Ethnicity","European","EthnicityEuropean",-0.497962910266842,0,0.607852218821314,0.412662580678433,1,0.655034755864681,0.999987886044395,NA,"prevalence",80,18
"Enterobacter_hormaechei.t__SGB10130","Feeding_method","Breastfed","Feeding_methodBreastfed",0.323919431910571,0,0.601249993565394,0.590063961770178,1,0.831952444560438,0.999987886044395,NA,"prevalence",80,18
"Enterobacter_hormaechei.t__SGB10130","isobutyrate","isobutyrate","isobutyrate",-0.483847587137186,0,0.556097256482365,0.384258174145559,1,0.456780161988758,0.999987886044395,NA,"prevalence",80,18
"Enterobacter_hormaechei.t__SGB10130","Probiotics","Yes","ProbioticsYes",0.373234319594665,0,1.04343021939473,0.720568313601407,1,0.666618822397828,0.999987886044395,NA,"prevalence",80,18
"Enterobacter_hormaechei.t__SGB10130","propionate","propionate","propionate",0.336442482064984,0,0.281525025497889,0.232059168717054,1,0.410266879648458,0.999987886044395,NA,"prevalence",80,18
"Enterobacter_hormaechei.t__SGB10130","Read_depth","Read_depth","Read_depth",0.0323955724957908,0,0.291556079966736,0.911527007200927,1,0.992172529545175,0.999987886044395,NA,"prevalence",80,18
"Enterobacter_hormaechei.t__SGB10130","Sex","Female","SexFemale",0.377315910541834,0,0.566765866231541,0.505580456749464,1,0.207616313296945,0.999987886044395,NA,"prevalence",80,18
"Enterobacter_hormaechei.t__SGB10130","Termness","term","Termnessterm",-0.520394026485302,0,0.99382130824837,0.600536348966043,1,0.840428791502621,0.999987886044395,NA,"prevalence",80,18
"Enterobacter_kobei.t__SGB10133","acetate","acetate","acetate",-0.0635483563265502,0,0.320391374391071,0.842774342300285,1,0.847461968049118,0.999987886044395,NA,"prevalence",80,13
"Enterobacter_kobei.t__SGB10133","Antibiotics","Yes","AntibioticsYes",1.44432937791578,0,1.25672153570091,0.250439082203922,1,0.438158430512701,0.999987886044395,NA,"prevalence",80,13
"Enterobacter_kobei.t__SGB10133","butyrate","butyrate","butyrate",0.187221348518681,0,0.299601442863574,0.532035800969826,1,0.343244045981608,0.999987886044395,NA,"prevalence",80,13
"Enterobacter_kobei.t__SGB10133","Delivery_mode","C-section","Delivery_modeC-section",-0.768612703093261,0,0.741362577260039,0.299849207084625,1,0.344950977622652,0.999987886044395,NA,"prevalence",80,13
"Enterobacter_kobei.t__SGB10133","Ethnicity","European","EthnicityEuropean",0.0490278152352377,0,0.645317781718965,0.939439238363008,1,0.62430921235243,0.999987886044395,NA,"prevalence",80,13
"Enterobacter_kobei.t__SGB10133","Feeding_method","Breastfed","Feeding_methodBreastfed",-0.370495559203954,0,0.62366869724377,0.552473127575603,1,0.479982310204637,0.999987886044395,NA,"prevalence",80,13
"Enterobacter_kobei.t__SGB10133","isobutyrate","isobutyrate","isobutyrate",-0.0985229286619647,0,0.430859841794339,0.819128645248926,1,0.583638271653102,0.999987886044395,NA,"prevalence",80,13
"Enterobacter_kobei.t__SGB10133","Probiotics","Yes","ProbioticsYes",-1.98686234028301,0,1.43238811132177,0.165411955062834,1,0.165411955062834,0.999987886044395,NA,"prevalence",80,13
"Enterobacter_kobei.t__SGB10133","propionate","propionate","propionate",-0.54823430107041,0,0.481390494831298,0.254763352155466,1,0.387218759405765,0.999987886044395,NA,"prevalence",80,13
"Enterobacter_kobei.t__SGB10133","Read_depth","Read_depth","Read_depth",0.000212240153726419,0,0.330988339462484,0.999488371310872,1,0.554238819985925,0.999987886044395,NA,"prevalence",80,13
"Enterobacter_kobei.t__SGB10133","Sex","Female","SexFemale",0.386825140836222,0,0.609057718439345,0.525349722774159,1,0.400372829310554,0.999987886044395,NA,"prevalence",80,13
"Enterobacter_kobei.t__SGB10133","Termness","term","Termnessterm",-1.95350115165529,0,1.10582564837257,0.0773028854390568,1,0.14863003478091,0.999987886044395,NA,"prevalence",80,13
"Enterococcus_faecalis.t__SGB7962","acetate","acetate","acetate",-0.244666935407659,0,0.289552148392965,0.398119766899198,1,0.637657733855416,0.999987886044395,NA,"prevalence",80,62
"Enterococcus_faecalis.t__SGB7962","Antibiotics","Yes","AntibioticsYes",0.828785968046064,0,1.09337912154793,0.448448467452979,1,0.695790906945033,0.999987886044395,NA,"prevalence",80,62
"Enterococcus_faecalis.t__SGB7962","butyrate","butyrate","butyrate",-0.781846970759482,0,0.564201443645097,0.165820645120352,1,0.304144803892574,0.999987886044395,NA,"prevalence",80,62
"Enterococcus_faecalis.t__SGB7962","Delivery_mode","C-section","Delivery_modeC-section",1.19816881210021,0,0.704950963464944,0.0891970712600286,1,0.170438024998691,0.999987886044395,NA,"prevalence",80,62
"Enterococcus_faecalis.t__SGB7962","Ethnicity","European","EthnicityEuropean",-0.771729778081233,0,0.661630213554262,0.243450133951787,1,0.427632300182432,0.999987886044395,NA,"prevalence",80,62
"Enterococcus_faecalis.t__SGB7962","Feeding_method","Breastfed","Feeding_methodBreastfed",-0.599374670079123,0,0.635923554393902,0.345923256415252,1,0.572183613501571,0.999987886044395,NA,"prevalence",80,62
"Enterococcus_faecalis.t__SGB7962","isobutyrate","isobutyrate","isobutyrate",0.646365347054189,0,0.455876626885124,0.156234132559859,1,0.288059160942986,0.999987886044395,NA,"prevalence",80,62
"Enterococcus_faecalis.t__SGB7962","Probiotics","Yes","ProbioticsYes",-1.78467257633088,0,1.76966235100641,0.313223138461058,1,0.528337542454721,0.999987886044395,NA,"prevalence",80,62
"Enterococcus_faecalis.t__SGB7962","propionate","propionate","propionate",0.11790779258665,0,0.312099604220666,0.705587357338474,1,0.913321195841057,0.999987886044395,NA,"prevalence",80,62
"Enterococcus_faecalis.t__SGB7962","Read_depth","Read_depth","Read_depth",0.530727881160808,0,0.364562423339764,0.145449504645661,1,0.269743450889654,0.999987886044395,NA,"prevalence",80,62
"Enterococcus_faecalis.t__SGB7962","Sex","Female","SexFemale",0.419060385956846,0,0.655589887475178,0.522685559649974,1,0.707192144004172,0.999987886044395,NA,"prevalence",80,62
"Enterococcus_faecalis.t__SGB7962","Termness","term","Termnessterm",-2.36771296300482,0,1.68624302541425,0.160278633171741,1,0.29486802609208,0.999987886044395,NA,"prevalence",80,62
"Escherichia_coli.t__SGB10068","acetate","acetate","acetate",-0.0357404708147258,0,0.241628535457297,0.882409895888559,1,0.854884893480566,0.999987886044395,NA,"prevalence",80,40
"Escherichia_coli.t__SGB10068","Antibiotics","Yes","AntibioticsYes",-0.0200199045442182,0,0.800426922302985,0.980045764321007,1,0.212806241993583,0.999987886044395,NA,"prevalence",80,40
"Escherichia_coli.t__SGB10068","butyrate","butyrate","butyrate",-0.959219102636834,0,0.699992549383144,0.170584664551857,1,0.312070201323444,0.999987886044395,NA,"prevalence",80,40
"Escherichia_coli.t__SGB10068","Delivery_mode","C-section","Delivery_modeC-section",-0.934756156225979,0,0.623481178285068,0.133807956501716,1,0.249711343780267,0.999987886044395,NA,"prevalence",80,40
"Escherichia_coli.t__SGB10068","Ethnicity","European","EthnicityEuropean",0.141675847986333,0,0.520239110459972,0.785369575152176,1,0.953933780729642,0.999987886044395,NA,"prevalence",80,40
"Escherichia_coli.t__SGB10068","Feeding_method","Breastfed","Feeding_methodBreastfed",-0.233588802122293,0,0.513055687358787,0.648901070676186,1,0.876729541827671,0.999987886044395,NA,"prevalence",80,40
"Escherichia_coli.t__SGB10068","isobutyrate","isobutyrate","isobutyrate",0.35778572786556,0,0.279280892646189,0.200159831190009,1,0.360255704358005,0.999987886044395,NA,"prevalence",80,40
"Escherichia_coli.t__SGB10068","Probiotics","Yes","ProbioticsYes",0.938939021855764,0,1.04874519241185,0.370628039189826,1,0.267459117498051,0.999987886044395,NA,"prevalence",80,40
"Escherichia_coli.t__SGB10068","propionate","propionate","propionate",-0.0926628597854841,0,0.259451304589767,0.72098001587598,1,0.922147848459432,0.999987886044395,NA,"prevalence",80,40
"Escherichia_coli.t__SGB10068","Read_depth","Read_depth","Read_depth",-0.316985680463369,0,0.23987871194197,0.18635420245666,1,0.337980516140061,0.999987886044395,NA,"prevalence",80,40
"Escherichia_coli.t__SGB10068","Sex","Female","SexFemale",-0.609265687552135,0,0.497014811409224,0.220255066105979,1,0.391997838066609,0.999987886044395,NA,"prevalence",80,40
"Escherichia_coli.t__SGB10068","Termness","term","Termnessterm",0.132078321099191,0,0.961586832999863,0.890750558945924,1,0.0605171802815062,0.999987886044395,NA,"prevalence",80,40
"Finegoldia_magna.t__SGB6686_group","acetate","acetate","acetate",-0.366186293707751,0,0.329099149622321,0.265840337378341,1,0.265840337378341,0.999987886044395,NA,"prevalence",80,11
"Finegoldia_magna.t__SGB6686_group","Antibiotics","Yes","AntibioticsYes",-1.54087786067698,0,1.0381348524693,0.137735915318168,1,0.137735915318168,0.999987886044395,NA,"prevalence",80,11
"Finegoldia_magna.t__SGB6686_group","butyrate","butyrate","butyrate",0.074350276424385,0,0.334555638451043,0.824130241623956,1,0.824130241623956,0.999987886044395,NA,"prevalence",80,11
"Finegoldia_magna.t__SGB6686_group","Delivery_mode","C-section","Delivery_modeC-section",-0.684611216894662,0,0.852364623598091,0.421864602568259,1,0.421864602568259,0.999987886044395,NA,"prevalence",80,11
"Finegoldia_magna.t__SGB6686_group","Ethnicity","European","EthnicityEuropean",0.20810963880173,0,0.701802671934058,0.766820907246387,1,0.766820907246387,0.999987886044395,NA,"prevalence",80,11
"Finegoldia_magna.t__SGB6686_group","Feeding_method","Breastfed","Feeding_methodBreastfed",-0.014414612140034,0,0.682834845033506,0.983157944554372,1,0.983157944554372,0.999987886044395,NA,"prevalence",80,11
"Finegoldia_magna.t__SGB6686_group","isobutyrate","isobutyrate","isobutyrate",-0.245876391699752,0,0.594266376875216,0.679058834189573,1,0.679058834189573,0.999987886044395,NA,"prevalence",80,11
"Finegoldia_magna.t__SGB6686_group","Probiotics","Yes","ProbioticsYes",-1.54771160296794,0,1.11674466191916,0.165773290704635,1,0.165773290704635,0.999987886044395,NA,"prevalence",80,11
"Finegoldia_magna.t__SGB6686_group","propionate","propionate","propionate",0.165806491711738,0,0.285116059341123,0.56087633473,1,0.56087633473,0.999987886044395,NA,"prevalence",80,11
"Finegoldia_magna.t__SGB6686_group","Read_depth","Read_depth","Read_depth",0.214964275175889,0,0.388791946587934,0.580329759921814,1,0.580329759921814,0.999987886044395,NA,"prevalence",80,11
"Finegoldia_magna.t__SGB6686_group","Sex","Female","SexFemale",-0.2872630170953,0,0.699411945306751,0.6812772906853,1,0.6812772906853,0.999987886044395,NA,"prevalence",80,11
"Finegoldia_magna.t__SGB6686_group","Termness","term","Termnessterm",-2.98965463533114,0,1.13795839742602,0.00860884196354398,1,0.00860884196354398,0.999987886044395,NA,"prevalence",80,11
"Haemophilus_parainfluenzae.t__SGB9663_group","acetate","acetate","acetate",0.025135391425967,0,0.284198102102885,0.929524422014254,1,0.65474229606629,0.999987886044395,NA,"prevalence",80,28
"Haemophilus_parainfluenzae.t__SGB9663_group","Antibiotics","Yes","AntibioticsYes",0.983245152876294,0,1.16559616387159,0.398917792831352,1,0.638700180225266,0.999987886044395,NA,"prevalence",80,28
"Haemophilus_parainfluenzae.t__SGB9663_group","butyrate","butyrate","butyrate",0.0578838939089883,0,0.276799896009328,0.834355973183274,1,0.97256205637994,0.999987886044395,NA,"prevalence",80,28
"Haemophilus_parainfluenzae.t__SGB9663_group","Delivery_mode","C-section","Delivery_modeC-section",-0.635666279952894,0,0.657612978656655,0.333730669572698,1,0.556085179331954,0.999987886044395,NA,"prevalence",80,28
"Haemophilus_parainfluenzae.t__SGB9663_group","Ethnicity","European","EthnicityEuropean",-0.331177602254013,0,0.616614315423841,0.591205201993124,1,0.832886813122518,0.999987886044395,NA,"prevalence",80,28
"Haemophilus_parainfluenzae.t__SGB9663_group","Feeding_method","Breastfed","Feeding_methodBreastfed",1.51053801128957,0,0.63710177980357,0.0177423145717911,1,0.0351698394172178,0.999987886044395,NA,"prevalence",80,28
"Haemophilus_parainfluenzae.t__SGB9663_group","isobutyrate","isobutyrate","isobutyrate",0.165888632207771,0,0.313906032268079,0.597176012450826,1,0.837732835054983,0.999987886044395,NA,"prevalence",80,28
"Haemophilus_parainfluenzae.t__SGB9663_group","Probiotics","Yes","ProbioticsYes",-1.59379866155824,0,1.26941643759999,0.209284069292064,1,0.241309216689658,0.999987886044395,NA,"prevalence",80,28
"Haemophilus_parainfluenzae.t__SGB9663_group","propionate","propionate","propionate",0.410293469374731,0,0.305985553031162,0.179955637579176,1,0.327527243661825,0.999987886044395,NA,"prevalence",80,28
"Haemophilus_parainfluenzae.t__SGB9663_group","Read_depth","Read_depth","Read_depth",0.0125185356588247,0,0.259632702696762,0.961543837134276,1,0.953112943345257,0.999987886044395,NA,"prevalence",80,28
"Haemophilus_parainfluenzae.t__SGB9663_group","Sex","Female","SexFemale",0.196117077976753,0,0.594857087614096,0.741635932148538,1,0.933248008443245,0.999987886044395,NA,"prevalence",80,28
"Haemophilus_parainfluenzae.t__SGB9663_group","Termness","term","Termnessterm",1.15950122801903,0,0.972187119001564,0.232997504049972,1,0.411707171206427,0.999987886044395,NA,"prevalence",80,28
"Klebsiella_grimontii.t__SGB10120","acetate","acetate","acetate",-0.143451515032702,0,0.321780139186003,0.655737391157589,1,0.0895283096122528,0.999987886044395,NA,"prevalence",80,15
"Klebsiella_grimontii.t__SGB10120","Antibiotics","Yes","AntibioticsYes",0.992458337972054,0,1.2637177169588,0.432249487481291,1,0.321001402217502,0.999987886044395,NA,"prevalence",80,15
"Klebsiella_grimontii.t__SGB10120","butyrate","butyrate","butyrate",-0.397662277691604,0,0.86023239364551,0.643885502284131,1,0.245394436775496,0.999987886044395,NA,"prevalence",80,15
"Klebsiella_grimontii.t__SGB10120","Delivery_mode","C-section","Delivery_modeC-section",-0.574290312114471,0,0.752504158279131,0.445360659764757,1,0.692375202263414,0.999987886044395,NA,"prevalence",80,15
"Klebsiella_grimontii.t__SGB10120","Ethnicity","European","EthnicityEuropean",-0.677791818526964,0,0.665658418489789,0.308569774063401,1,0.521924242661264,0.999987886044395,NA,"prevalence",80,15
"Klebsiella_grimontii.t__SGB10120","Feeding_method","Breastfed","Feeding_methodBreastfed",-1.59501234637695,0,0.699549368973976,0.0226043156354771,1,0.0446976761856059,0.999987886044395,NA,"prevalence",80,15
"Klebsiella_grimontii.t__SGB10120","isobutyrate","isobutyrate","isobutyrate",0.414927820768854,0,0.346922423990346,0.231686883569527,1,0.409694955120895,0.999987886044395,NA,"prevalence",80,15
"Klebsiella_grimontii.t__SGB10120","Probiotics","Yes","ProbioticsYes",-3.01448239063431,0,1.47621025885478,0.0411474297624629,1,0.0411474297624629,0.999987886044395,NA,"prevalence",80,15
"Klebsiella_grimontii.t__SGB10120","propionate","propionate","propionate",-0.503772764144023,0,0.440264410951915,0.252519773061719,1,0.332811096625951,0.999987886044395,NA,"prevalence",80,15
"Klebsiella_grimontii.t__SGB10120","Read_depth","Read_depth","Read_depth",-0.13776961007992,0,0.35183086423364,0.69536923941082,1,0.366994842581443,0.999987886044395,NA,"prevalence",80,15
"Klebsiella_grimontii.t__SGB10120","Sex","Female","SexFemale",-0.286802844904942,0,0.621446720583638,0.644433938688973,1,0.873572776043763,0.999987886044395,NA,"prevalence",80,15
"Klebsiella_grimontii.t__SGB10120","Termness","term","Termnessterm",-2.41269192041336,0,1.10585898502952,0.0291290516413963,1,0.0574096016332654,0.999987886044395,NA,"prevalence",80,15
"Klebsiella_michiganensis.t__SGB10119","acetate","acetate","acetate",-0.339321859006134,0,0.302828902371793,0.262497835868527,1,0.151015493772078,0.999987886044395,NA,"prevalence",80,22
"Klebsiella_michiganensis.t__SGB10119","Antibiotics","Yes","AntibioticsYes",0.848592536338187,0,1.04075267413117,0.414863834527177,1,0.657615667855762,0.999987886044395,NA,"prevalence",80,22
"Klebsiella_michiganensis.t__SGB10119","butyrate","butyrate","butyrate",0.329843206281421,0,0.280374686397418,0.239420220517767,1,0.421518399042758,0.999987886044395,NA,"prevalence",80,22
"Klebsiella_michiganensis.t__SGB10119","Delivery_mode","C-section","Delivery_modeC-section",0.210231633398856,0,0.684750041140442,0.758828509539404,1,0.437999402565326,0.999987886044395,NA,"prevalence",80,22
"Klebsiella_michiganensis.t__SGB10119","Ethnicity","European","EthnicityEuropean",-0.646653992606609,0,0.605091920375906,0.28521063928654,1,0.468093958937955,0.999987886044395,NA,"prevalence",80,22
"Klebsiella_michiganensis.t__SGB10119","Feeding_method","Breastfed","Feeding_methodBreastfed",-0.775601224169063,0,0.584671794839522,0.184654836622555,1,0.335212264557008,0.999987886044395,NA,"prevalence",80,22
"Klebsiella_michiganensis.t__SGB10119","isobutyrate","isobutyrate","isobutyrate",-0.224725950074253,0,0.392569405945672,0.567017851459163,1,0.378305587640192,0.999987886044395,NA,"prevalence",80,22
"Klebsiella_michiganensis.t__SGB10119","Probiotics","Yes","ProbioticsYes",-1.52043992523558,0,1.26723865515611,0.230214882433334,1,0.407430872772874,0.999987886044395,NA,"prevalence",80,22
"Klebsiella_michiganensis.t__SGB10119","propionate","propionate","propionate",0.462039222255312,0,0.285561044903866,0.105661502167577,1,0.200158651294844,0.999987886044395,NA,"prevalence",80,22
"Klebsiella_michiganensis.t__SGB10119","Read_depth","Read_depth","Read_depth",0.417709006814363,0,0.349951952143263,0.232627365206976,1,0.389408206442447,0.999987886044395,NA,"prevalence",80,22
"Klebsiella_michiganensis.t__SGB10119","Sex","Female","SexFemale",-0.353937577496603,0,0.556919136206657,0.525084260107944,1,0.774455040002781,0.999987886044395,NA,"prevalence",80,22
"Klebsiella_michiganensis.t__SGB10119","Termness","term","Termnessterm",-0.48925894753685,0,1.04353074801355,0.639177161635406,1,0.681224253106197,0.999987886044395,NA,"prevalence",80,22
"Klebsiella_pneumoniae.t__SGB10115","acetate","acetate","acetate",0.107006091641838,0,0.263158173755642,0.684285109734731,1,0.737370607627744,0.999987886044395,NA,"prevalence",80,38
"Klebsiella_pneumoniae.t__SGB10115","Antibiotics","Yes","AntibioticsYes",-0.600694870589287,0,0.834288411845587,0.471519671618574,1,0.720708542513861,0.999987886044395,NA,"prevalence",80,38
"Klebsiella_pneumoniae.t__SGB10115","butyrate","butyrate","butyrate",0.0577607945051763,0,0.237952150707737,0.808205876112327,1,0.96321501404216,0.999987886044395,NA,"prevalence",80,38
"Klebsiella_pneumoniae.t__SGB10115","Delivery_mode","C-section","Delivery_modeC-section",0.624146165434603,0,0.647924271780001,0.335396440115439,1,0.558302108188769,0.999987886044395,NA,"prevalence",80,38
"Klebsiella_pneumoniae.t__SGB10115","Ethnicity","European","EthnicityEuropean",0.24493623476752,0,0.555780317823228,0.659425182679633,1,0.884008793807199,0.999987886044395,NA,"prevalence",80,38
"Klebsiella_pneumoniae.t__SGB10115","Feeding_method","Breastfed","Feeding_methodBreastfed",-0.0148215405857654,0,0.536803140177664,0.977972602797002,1,0.967182031249514,0.999987886044395,NA,"prevalence",80,38
"Klebsiella_pneumoniae.t__SGB10115","isobutyrate","isobutyrate","isobutyrate",-0.0497695226433864,0,0.287114473599067,0.862381173376824,1,0.98106105855886,0.999987886044395,NA,"prevalence",80,38
"Klebsiella_pneumoniae.t__SGB10115","Probiotics","Yes","ProbioticsYes",0.329413736149813,0,1.08503691598763,0.761435089408981,1,0.0712451604528602,0.999987886044395,NA,"prevalence",80,38
"Klebsiella_pneumoniae.t__SGB10115","propionate","propionate","propionate",0.141434789487141,0,0.2687548574722,0.598707937542148,1,0.838964680608323,0.999987886044395,NA,"prevalence",80,38
"Klebsiella_pneumoniae.t__SGB10115","Read_depth","Read_depth","Read_depth",0.70799924372367,0,0.350973095093225,0.0436697968364253,1,0.0854325425171159,0.999987886044395,NA,"prevalence",80,38
"Klebsiella_pneumoniae.t__SGB10115","Sex","Female","SexFemale",-0.266700221008002,0,0.509885415599263,0.60093310678017,1,0.207060685575475,0.999987886044395,NA,"prevalence",80,38
"Klebsiella_pneumoniae.t__SGB10115","Termness","term","Termnessterm",-1.54950211660627,0,0.996204883846958,0.119849629900938,1,0.225335326014484,0.999987886044395,NA,"prevalence",80,38
"Klebsiella_variicola.t__SGB10114","acetate","acetate","acetate",-0.413241592926939,0,0.325757035471505,0.204598862135995,1,0.367337029884647,0.999987886044395,NA,"prevalence",80,15
"Klebsiella_variicola.t__SGB10114","Antibiotics","Yes","AntibioticsYes",-0.359575053559005,0,0.943778093741638,0.703206708069416,1,0.419360302623479,0.999987886044395,NA,"prevalence",80,15
"Klebsiella_variicola.t__SGB10114","butyrate","butyrate","butyrate",-0.538468796031175,0,0.787964413377984,0.494375032161803,1,0.448875693309538,0.999987886044395,NA,"prevalence",80,15
"Klebsiella_variicola.t__SGB10114","Delivery_mode","C-section","Delivery_modeC-section",0.489373394653622,0,0.755090353707784,0.51692084237234,1,0.76663452746575,0.999987886044395,NA,"prevalence",80,15
"Klebsiella_variicola.t__SGB10114","Ethnicity","European","EthnicityEuropean",0.182901702140495,0,0.616151952697125,0.766584754150352,1,0.945517323004948,0.999987886044395,NA,"prevalence",80,15
"Klebsiella_variicola.t__SGB10114","Feeding_method","Breastfed","Feeding_methodBreastfed",0.11188050193,0,0.604794033007151,0.853237328078063,1,0.343626878633848,0.999987886044395,NA,"prevalence",80,15
"Klebsiella_variicola.t__SGB10114","isobutyrate","isobutyrate","isobutyrate",0.400491156926544,0,0.30420584507084,0.188001689549397,1,0.241090579136418,0.999987886044395,NA,"prevalence",80,15
"Klebsiella_variicola.t__SGB10114","Probiotics","Yes","ProbioticsYes",-0.735780162393976,0,1.10232082531968,0.504463809206192,1,0.323836359638828,0.999987886044395,NA,"prevalence",80,15
"Klebsiella_variicola.t__SGB10114","propionate","propionate","propionate",-0.229196600522393,0,0.38525938507447,0.551900266754386,1,0.714404309979462,0.999987886044395,NA,"prevalence",80,15
"Klebsiella_variicola.t__SGB10114","Read_depth","Read_depth","Read_depth",0.131905928265666,0,0.326606341761502,0.686309612724398,1,0.372901499066423,0.999987886044395,NA,"prevalence",80,15
"Klebsiella_variicola.t__SGB10114","Sex","Female","SexFemale",-0.559763993122294,0,0.595356961009906,0.34710690323621,1,0.548975612079645,0.999987886044395,NA,"prevalence",80,15
"Klebsiella_variicola.t__SGB10114","Termness","term","Termnessterm",-1.44583827041988,0,1.00316598912531,0.149506948235733,1,0.276661568900703,0.999987886044395,NA,"prevalence",80,15
"Lacticaseibacillus_rhamnosus.t__SGB7144","acetate","acetate","acetate",0.100421758552977,0,0.262564971494918,0.702116918000345,1,0.911265669458386,0.999987886044395,NA,"prevalence",80,15
"Lacticaseibacillus_rhamnosus.t__SGB7144","Antibiotics","Yes","AntibioticsYes",-0.140340677179318,0,0.887420731615847,0.874342963126051,1,0.695450228413937,0.999987886044395,NA,"prevalence",80,15
"Lacticaseibacillus_rhamnosus.t__SGB7144","butyrate","butyrate","butyrate",-0.253190351980887,0,0.46443106312841,0.585641830571203,1,0.828307307427617,0.999987886044395,NA,"prevalence",80,15
"Lacticaseibacillus_rhamnosus.t__SGB7144","Delivery_mode","C-section","Delivery_modeC-section",-0.129185475691302,0,0.698156855426729,0.853199311970779,1,0.933545050782442,0.999987886044395,NA,"prevalence",80,15
"Lacticaseibacillus_rhamnosus.t__SGB7144","Ethnicity","European","EthnicityEuropean",-0.314144280326996,0,0.600225423416557,0.60071181189739,1,0.840568942841735,0.999987886044395,NA,"prevalence",80,15
"Lacticaseibacillus_rhamnosus.t__SGB7144","Feeding_method","Breastfed","Feeding_methodBreastfed",0.511644892943342,0,0.589125204173853,0.38513028295124,1,0.621935231056378,0.999987886044395,NA,"prevalence",80,15
"Lacticaseibacillus_rhamnosus.t__SGB7144","isobutyrate","isobutyrate","isobutyrate",-0.19928062497311,0,0.434338402747716,0.646367599691077,1,0.87494412545175,0.999987886044395,NA,"prevalence",80,15
"Lacticaseibacillus_rhamnosus.t__SGB7144","Probiotics","Yes","ProbioticsYes",0.572005901252195,0,1.19901748724306,0.633317841827117,1,0.839589099534377,0.999987886044395,NA,"prevalence",80,15
"Lacticaseibacillus_rhamnosus.t__SGB7144","propionate","propionate","propionate",0.0171685196918082,0,0.295681211987745,0.953697418694301,1,0.98349435984521,0.999987886044395,NA,"prevalence",80,15
"Lacticaseibacillus_rhamnosus.t__SGB7144","Read_depth","Read_depth","Read_depth",-0.0603731919810877,0,0.282737901046557,0.830913128698571,1,0.971409629953494,0.999987886044395,NA,"prevalence",80,15
"Lacticaseibacillus_rhamnosus.t__SGB7144","Sex","Female","SexFemale",-0.353147299579281,0,0.57137263894133,0.536530335835955,1,0.785195870399667,0.999987886044395,NA,"prevalence",80,15
"Lacticaseibacillus_rhamnosus.t__SGB7144","Termness","term","Termnessterm",0.234539660771068,0,1.13567569234528,0.836384800944847,1,0.973230066638143,0.999987886044395,NA,"prevalence",80,15
"Lactobacillus_acidophilus.t__SGB7044","acetate","acetate","acetate",-0.248025899242852,0,0.32495560716559,0.445307833834834,1,0.445307833834834,0.999987886044395,NA,"prevalence",80,18
"Lactobacillus_acidophilus.t__SGB7044","Antibiotics","Yes","AntibioticsYes",-0.210515361380482,0,0.883684501100203,0.811706920538225,1,0.811706920538225,0.999987886044395,NA,"prevalence",80,18
"Lactobacillus_acidophilus.t__SGB7044","butyrate","butyrate","butyrate",0.172008735495431,0,0.312435530344205,0.58194799882895,1,0.58194799882895,0.999987886044395,NA,"prevalence",80,18
"Lactobacillus_acidophilus.t__SGB7044","Delivery_mode","C-section","Delivery_modeC-section",0.0813002215418199,0,0.902954090343325,0.928256981594657,1,0.928256981594657,0.999987886044395,NA,"prevalence",80,18
"Lactobacillus_acidophilus.t__SGB7044","Ethnicity","European","EthnicityEuropean",-0.95019010904432,0,0.701950943656174,0.175850697920315,1,0.175850697920315,0.999987886044395,NA,"prevalence",80,18
"Lactobacillus_acidophilus.t__SGB7044","Feeding_method","Breastfed","Feeding_methodBreastfed",0.373458405917261,0,0.653292846040221,0.567555431832435,1,0.567555431832435,0.999987886044395,NA,"prevalence",80,18
"Lactobacillus_acidophilus.t__SGB7044","isobutyrate","isobutyrate","isobutyrate",-0.0444331301794034,0,0.547107647715671,0.935271286696391,1,0.935271286696391,0.999987886044395,NA,"prevalence",80,18
"Lactobacillus_acidophilus.t__SGB7044","Probiotics","Yes","ProbioticsYes",2.78366316746399,0,1.71862728403637,0.105296416645467,1,0.105296416645467,0.999987886044395,NA,"prevalence",80,18
"Lactobacillus_acidophilus.t__SGB7044","propionate","propionate","propionate",0.574906265196061,0,0.350783880068917,0.101230189965165,1,0.101230189965165,0.999987886044395,NA,"prevalence",80,18
"Lactobacillus_acidophilus.t__SGB7044","Read_depth","Read_depth","Read_depth",-0.195146583327089,0,0.374194784779577,0.602011055207415,1,0.602011055207415,0.999987886044395,NA,"prevalence",80,18
"Lactobacillus_acidophilus.t__SGB7044","Sex","Female","SexFemale",-0.0880841223421067,0,0.626460277400434,0.888181146755632,1,0.888181146755632,0.999987886044395,NA,"prevalence",80,18
"Lactobacillus_acidophilus.t__SGB7044","Termness","term","Termnessterm",0.356217410864458,0,1.75978509510433,0.839587633836455,1,0.839587633836455,0.999987886044395,NA,"prevalence",80,18
"Raoultella_ornithinolytica.t__SGB10124","acetate","acetate","acetate",-0.106234916631587,0,0.330204589600427,0.747661392277085,1,0.747661392277085,0.999987886044395,NA,"prevalence",80,11
"Raoultella_ornithinolytica.t__SGB10124","Antibiotics","Yes","AntibioticsYes",0.774295159786748,0,1.10666707430824,0.484137136722421,1,0.484137136722421,0.999987886044395,NA,"prevalence",80,11
"Raoultella_ornithinolytica.t__SGB10124","butyrate","butyrate","butyrate",-0.802537415494975,0,1.11784081262306,0.472797160979563,1,0.472797160979563,0.999987886044395,NA,"prevalence",80,11
"Raoultella_ornithinolytica.t__SGB10124","Delivery_mode","C-section","Delivery_modeC-section",0.168855173495597,0,0.766761681266298,0.825700922126011,1,0.825700922126011,0.999987886044395,NA,"prevalence",80,11
"Raoultella_ornithinolytica.t__SGB10124","Ethnicity","European","EthnicityEuropean",0.477901718415571,0,0.689564258706216,0.488278893968878,1,0.488278893968878,0.999987886044395,NA,"prevalence",80,11
"Raoultella_ornithinolytica.t__SGB10124","Feeding_method","Breastfed","Feeding_methodBreastfed",-1.01231001941061,0,0.672816616812781,0.1324307171569,1,0.1324307171569,0.999987886044395,NA,"prevalence",80,11
"Raoultella_ornithinolytica.t__SGB10124","isobutyrate","isobutyrate","isobutyrate",-0.152541597366765,0,0.585058355044066,0.794301609314207,1,0.794301609314207,0.999987886044395,NA,"prevalence",80,11
"Raoultella_ornithinolytica.t__SGB10124","Probiotics","Yes","ProbioticsYes",0.36856975849953,0,1.81964080901854,0.839486124208543,1,0.839486124208543,0.999987886044395,NA,"prevalence",80,11
"Raoultella_ornithinolytica.t__SGB10124","propionate","propionate","propionate",0.392932772215802,0,0.299045300157953,0.18886055497683,1,0.18886055497683,0.999987886044395,NA,"prevalence",80,11
"Raoultella_ornithinolytica.t__SGB10124","Read_depth","Read_depth","Read_depth",-0.0136166253940827,0,0.353268712243506,0.969253417637855,1,0.969253417637855,0.999987886044395,NA,"prevalence",80,11
"Raoultella_ornithinolytica.t__SGB10124","Sex","Female","SexFemale",-0.472945666031617,0,0.641419401566153,0.46091420591512,1,0.46091420591512,0.999987886044395,NA,"prevalence",80,11
"Raoultella_ornithinolytica.t__SGB10124","Termness","term","Termnessterm",1.04272923585256,0,1.67285196218486,0.533071449053752,1,0.533071449053752,0.999987886044395,NA,"prevalence",80,11
"Rothia_mucilaginosa.t__SGB16971_group","acetate","acetate","acetate",0.00598230236912789,0,0.328104263293963,0.985453031918969,1,0.985453031918969,0.999987886044395,NA,"prevalence",80,17
"Rothia_mucilaginosa.t__SGB16971_group","Antibiotics","Yes","AntibioticsYes",0.276230388160356,0,1.45693386473938,0.849624885400302,1,0.849624885400302,0.999987886044395,NA,"prevalence",80,17
"Rothia_mucilaginosa.t__SGB16971_group","butyrate","butyrate","butyrate",-0.205853043458058,0,0.368216861111112,0.576124988788247,1,0.576124988788247,0.999987886044395,NA,"prevalence",80,17
"Rothia_mucilaginosa.t__SGB16971_group","Delivery_mode","C-section","Delivery_modeC-section",0.472376470201767,0,0.698166834696435,0.498662697216444,1,0.498662697216444,0.999987886044395,NA,"prevalence",80,17
"Rothia_mucilaginosa.t__SGB16971_group","Ethnicity","European","EthnicityEuropean",0.0529754829281927,0,0.652958351561144,0.935337384097315,1,0.935337384097315,0.999987886044395,NA,"prevalence",80,17
"Rothia_mucilaginosa.t__SGB16971_group","Feeding_method","Breastfed","Feeding_methodBreastfed",-0.156111495321431,0,0.653695887207765,0.811250091789506,1,0.811250091789506,0.999987886044395,NA,"prevalence",80,17
"Rothia_mucilaginosa.t__SGB16971_group","isobutyrate","isobutyrate","isobutyrate",-0.466926061040162,0,0.379608510466446,0.21868961454406,1,0.21868961454406,0.999987886044395,NA,"prevalence",80,17
"Rothia_mucilaginosa.t__SGB16971_group","Probiotics","Yes","ProbioticsYes",-1.74725888952152,0,1.53719284227725,0.25568227707573,1,0.25568227707573,0.999987886044395,NA,"prevalence",80,17
"Rothia_mucilaginosa.t__SGB16971_group","propionate","propionate","propionate",0.12105751562939,0,0.344247649661935,0.725094597377329,1,0.725094597377329,0.999987886044395,NA,"prevalence",80,17
"Rothia_mucilaginosa.t__SGB16971_group","Read_depth","Read_depth","Read_depth",0.170970560361481,0,0.266929323338664,0.521841919109959,1,0.521841919109959,0.999987886044395,NA,"prevalence",80,17
"Rothia_mucilaginosa.t__SGB16971_group","Sex","Female","SexFemale",0.407872606688974,0,0.641884411289377,0.525148012097621,1,0.525148012097621,0.999987886044395,NA,"prevalence",80,17
"Rothia_mucilaginosa.t__SGB16971_group","Termness","term","Termnessterm",1.31663949127416,0,1.07514064320806,0.220718163459276,1,0.220718163459276,0.999987886044395,NA,"prevalence",80,17
"Staphylococcus_aureus.t__SGB7852","acetate","acetate","acetate",-0.162271843700385,0,0.245705662125656,0.508976742149535,1,0.352346085318554,0.999987886044395,NA,"prevalence",80,49
"Staphylococcus_aureus.t__SGB7852","Antibiotics","Yes","AntibioticsYes",0.614144506831552,0,0.828785917836178,0.458683094479426,1,0.70697600779763,0.999987886044395,NA,"prevalence",80,49
"Staphylococcus_aureus.t__SGB7852","butyrate","butyrate","butyrate",0.173671833981459,0,0.309060845206241,0.574160905955123,1,0.818661065983039,0.999987886044395,NA,"prevalence",80,49
"Staphylococcus_aureus.t__SGB7852","Delivery_mode","C-section","Delivery_modeC-section",0.129660334822418,0,0.60974471694128,0.83160237300393,1,0.971642239222093,0.999987886044395,NA,"prevalence",80,49
"Staphylococcus_aureus.t__SGB7852","Ethnicity","European","EthnicityEuropean",-0.420304141530685,0,0.548804134133214,0.44376285367174,1,0.690600237044594,0.999987886044395,NA,"prevalence",80,49
"Staphylococcus_aureus.t__SGB7852","Feeding_method","Breastfed","Feeding_methodBreastfed",0.843712041222627,0,0.544287659026853,0.121112339464799,1,0.227556480158961,0.999987886044395,NA,"prevalence",80,49
"Staphylococcus_aureus.t__SGB7852","isobutyrate","isobutyrate","isobutyrate",0.193547808520241,0,0.26919189803408,0.472143588891828,1,0.721367609252,0.999987886044395,NA,"prevalence",80,49
"Staphylococcus_aureus.t__SGB7852","Probiotics","Yes","ProbioticsYes",-0.590428235788401,0,1.14412104586179,0.605816698402498,1,0.64558452886993,0.999987886044395,NA,"prevalence",80,49
"Staphylococcus_aureus.t__SGB7852","propionate","propionate","propionate",-0.0977478411157056,0,0.258190893754493,0.70499421709884,1,0.912971588054874,0.999987886044395,NA,"prevalence",80,49
"Staphylococcus_aureus.t__SGB7852","Read_depth","Read_depth","Read_depth",0.00103783745165046,0,0.237916758395519,0.99651948917473,1,0.999987886044395,0.999987886044395,NA,"prevalence",80,49
"Staphylococcus_aureus.t__SGB7852","Sex","Female","SexFemale",-0.256309252690026,0,0.51440864742822,0.61830079725082,1,0.85430571862064,0.999987886044395,NA,"prevalence",80,49
"Staphylococcus_aureus.t__SGB7852","Termness","term","Termnessterm",-1.19372874503233,0,1.06801226270966,0.263690566861896,1,0.457848418671844,0.999987886044395,NA,"prevalence",80,49
"Staphylococcus_epidermidis.t__SGB7865","acetate","acetate","acetate",-0.54042830339155,0,0.269350244929535,0.0448120162821882,1,0.0876159157611013,0.999987886044395,NA,"prevalence",80,68
"Staphylococcus_epidermidis.t__SGB7865","Antibiotics","Yes","AntibioticsYes",0.0325569330618854,0,0.9702690934384,0.97323237369709,1,0.802799558147151,0.999987886044395,NA,"prevalence",80,68
"Staphylococcus_epidermidis.t__SGB7865","butyrate","butyrate","butyrate",0.29934591744388,0,0.623929520898408,0.631387241365216,1,0.864124634171654,0.999987886044395,NA,"prevalence",80,68
"Staphylococcus_epidermidis.t__SGB7865","Delivery_mode","C-section","Delivery_modeC-section",-0.133003660520607,0,0.795033383084751,0.86713937240984,1,0.982348053636349,0.999987886044395,NA,"prevalence",80,68
"Staphylococcus_epidermidis.t__SGB7865","Ethnicity","European","EthnicityEuropean",0.261310714288581,0,0.679193361070265,0.700432390453745,1,0.910259247310743,0.999987886044395,NA,"prevalence",80,68
"Staphylococcus_epidermidis.t__SGB7865","Feeding_method","Breastfed","Feeding_methodBreastfed",0.275987434071835,0,0.679977843850238,0.684832906207244,1,0.900669702990228,0.999987886044395,NA,"prevalence",80,68
"Staphylococcus_epidermidis.t__SGB7865","isobutyrate","isobutyrate","isobutyrate",-0.152916462179248,0,0.29461645017018,0.603735830248205,1,0.842974707770921,0.999987886044395,NA,"prevalence",80,68
"Staphylococcus_epidermidis.t__SGB7865","Probiotics","Yes","ProbioticsYes",0.23540859639892,0,1.23780417393517,0.849166184546705,1,0.977249160115801,0.999987886044395,NA,"prevalence",80,68
"Staphylococcus_epidermidis.t__SGB7865","propionate","propionate","propionate",-0.218201888730393,0,0.275066458353811,0.427620702423138,1,0.672381939705417,0.999987886044395,NA,"prevalence",80,68
"Staphylococcus_epidermidis.t__SGB7865","Read_depth","Read_depth","Read_depth",0.00255804580370124,0,0.323623677678753,0.993693279756892,1,0.901905468224268,0.999987886044395,NA,"prevalence",80,68
"Staphylococcus_epidermidis.t__SGB7865","Sex","Female","SexFemale",-0.651974232223741,0,0.646951760808752,0.31356811517788,1,0.528811267499552,0.999987886044395,NA,"prevalence",80,68
"Staphylococcus_epidermidis.t__SGB7865","Termness","term","Termnessterm",0.167379330632498,0,1.20811380808098,0.889808920664517,1,0.781466043238063,0.999987886044395,NA,"prevalence",80,68
"Staphylococcus_hominis.t__SGB7858","acetate","acetate","acetate",-0.387722522113573,0,0.329795928435716,0.239737264982759,1,0.422000573744104,0.999987886044395,NA,"prevalence",80,21
"Staphylococcus_hominis.t__SGB7858","Antibiotics","Yes","AntibioticsYes",-1.07976915704393,0,0.988170018401445,0.274527416342016,1,0.473689530360609,0.999987886044395,NA,"prevalence",80,21
"Staphylococcus_hominis.t__SGB7858","butyrate","butyrate","butyrate",-0.13452634971368,0,0.316529655158762,0.670833804517379,1,0.891649615751497,0.999987886044395,NA,"prevalence",80,21
"Staphylococcus_hominis.t__SGB7858","Delivery_mode","C-section","Delivery_modeC-section",-0.543791994642412,0,0.658297889054332,0.408771400628136,1,0.650448743284784,0.999987886044395,NA,"prevalence",80,21
"Staphylococcus_hominis.t__SGB7858","Ethnicity","European","EthnicityEuropean",0.550548725632698,0,0.588684243268737,0.349675416955599,1,0.577077936688127,0.999987886044395,NA,"prevalence",80,21
"Staphylococcus_hominis.t__SGB7858","Feeding_method","Breastfed","Feeding_methodBreastfed",0.269790463577637,0,0.577554299167962,0.640409938921878,1,0.870694987973833,0.999987886044395,NA,"prevalence",80,21
"Staphylococcus_hominis.t__SGB7858","isobutyrate","isobutyrate","isobutyrate",-0.0511224269294929,0,0.281933267250906,0.856110041941719,1,0.909118122179069,0.999987886044395,NA,"prevalence",80,21
"Staphylococcus_hominis.t__SGB7858","Probiotics","Yes","ProbioticsYes",0.621076177151399,0,1.28049864825076,0.627657326489144,1,0.861360933482788,0.999987886044395,NA,"prevalence",80,21
"Staphylococcus_hominis.t__SGB7858","propionate","propionate","propionate",-0.465833462285353,0,0.391911563151486,0.234589696047527,1,0.414147066603384,0.999987886044395,NA,"prevalence",80,21
"Staphylococcus_hominis.t__SGB7858","Read_depth","Read_depth","Read_depth",0.0689955633758087,0,0.251756129540464,0.784040715021469,1,0.911268431988634,0.999987886044395,NA,"prevalence",80,21
"Staphylococcus_hominis.t__SGB7858","Sex","Female","SexFemale",0.213864539254738,0,0.579684417669471,0.712177886493894,1,0.625326084330715,0.999987886044395,NA,"prevalence",80,21
"Staphylococcus_hominis.t__SGB7858","Termness","term","Termnessterm",0.862439160942893,0,1.1078608422703,0.436290533045904,1,0.682231636866329,0.999987886044395,NA,"prevalence",80,21
"Streptococcus_parasanguinis.t__SGB8071","acetate","acetate","acetate",0.545858021672431,0,0.354097214554614,0.123183354225891,1,0.123183354225891,0.999987886044395,NA,"prevalence",80,20
"Streptococcus_parasanguinis.t__SGB8071","Antibiotics","Yes","AntibioticsYes",0.140953171370699,0,1.50591673728667,0.925427244715243,1,0.925427244715243,0.999987886044395,NA,"prevalence",80,20
"Streptococcus_parasanguinis.t__SGB8071","butyrate","butyrate","butyrate",0.217342653775886,0,0.313220159217485,0.487746554905159,1,0.487746554905159,0.999987886044395,NA,"prevalence",80,20
"Streptococcus_parasanguinis.t__SGB8071","Delivery_mode","C-section","Delivery_modeC-section",0.392741907988562,0,0.735038712735956,0.593123900029634,1,0.593123900029634,0.999987886044395,NA,"prevalence",80,20
"Streptococcus_parasanguinis.t__SGB8071","Ethnicity","European","EthnicityEuropean",-0.340946268827346,0,0.741923075786002,0.645843590935487,1,0.645843590935487,0.999987886044395,NA,"prevalence",80,20
"Streptococcus_parasanguinis.t__SGB8071","Feeding_method","Breastfed","Feeding_methodBreastfed",-1.2797542722419,0,0.706646383740186,0.0701369807511781,1,0.0701369807511781,0.999987886044395,NA,"prevalence",80,20
"Streptococcus_parasanguinis.t__SGB8071","isobutyrate","isobutyrate","isobutyrate",-0.149459296433797,0,0.278888713300592,0.592020638682026,1,0.592020638682026,0.999987886044395,NA,"prevalence",80,20
"Streptococcus_parasanguinis.t__SGB8071","Probiotics","Yes","ProbioticsYes",-2.0565787857102,0,1.57285866744712,0.19102869653839,1,0.19102869653839,0.999987886044395,NA,"prevalence",80,20
"Streptococcus_parasanguinis.t__SGB8071","propionate","propionate","propionate",0.24258517702657,0,0.402211876338947,0.546423652471973,1,0.546423652471973,0.999987886044395,NA,"prevalence",80,20
"Streptococcus_parasanguinis.t__SGB8071","Read_depth","Read_depth","Read_depth",0.0496304774225578,0,0.272592728621801,0.855529175559033,1,0.855529175559033,0.999987886044395,NA,"prevalence",80,20
"Streptococcus_parasanguinis.t__SGB8071","Sex","Female","SexFemale",-0.0396098882253573,0,0.692527631460994,0.954388974975514,1,0.954388974975514,0.999987886044395,NA,"prevalence",80,20
"Streptococcus_parasanguinis.t__SGB8071","Termness","term","Termnessterm",1.72894398124513,0,1.22525688687965,0.158218982793918,1,0.158218982793918,0.999987886044395,NA,"prevalence",80,20
"Streptococcus_salivarius.t__SGB8007_group","acetate","acetate","acetate",0.160190334456119,0,0.288543890504401,0.578779754897697,1,0.822573505115956,0.999987886044395,NA,"prevalence",80,36
"Streptococcus_salivarius.t__SGB8007_group","Antibiotics","Yes","AntibioticsYes",-1.32504032473164,0,1.00747267485904,0.188438605567553,1,0.341368103066863,0.999987886044395,NA,"prevalence",80,36
"Streptococcus_salivarius.t__SGB8007_group","butyrate","butyrate","butyrate",-0.390684434139215,0,0.308303726696219,0.205081522856652,1,0.368104614696101,0.999987886044395,NA,"prevalence",80,36
"Streptococcus_salivarius.t__SGB8007_group","Delivery_mode","C-section","Delivery_modeC-section",-1.02427388293986,0,0.720099841512618,0.154908604536619,1,0.285820533313756,0.999987886044395,NA,"prevalence",80,36
"Streptococcus_salivarius.t__SGB8007_group","Ethnicity","European","EthnicityEuropean",0.563440590550236,0,0.645196218253194,0.382507407189996,1,0.618702897824779,0.999987886044395,NA,"prevalence",80,36
"Streptococcus_salivarius.t__SGB8007_group","Feeding_method","Breastfed","Feeding_methodBreastfed",-0.233560766163316,0,0.65994767357646,0.723407825868225,1,0.923496769209058,0.999987886044395,NA,"prevalence",80,36
"Streptococcus_salivarius.t__SGB8007_group","isobutyrate","isobutyrate","isobutyrate",0.0562315258682266,0,0.276125234675732,0.838630918078037,1,0.908051218426634,0.999987886044395,NA,"prevalence",80,36
"Streptococcus_salivarius.t__SGB8007_group","Probiotics","Yes","ProbioticsYes",-0.852339986245309,0,1.08857752793828,0.433635860947178,1,0.552222619056364,0.999987886044395,NA,"prevalence",80,36
"Streptococcus_salivarius.t__SGB8007_group","propionate","propionate","propionate",0.196423418934747,0,0.318298322031646,0.537165609948417,1,0.785784327385579,0.999987886044395,NA,"prevalence",80,36
"Streptococcus_salivarius.t__SGB8007_group","Read_depth","Read_depth","Read_depth",0.0260314979061931,0,0.269736616530184,0.923117837381165,1,0.92592796461745,0.999987886044395,NA,"prevalence",80,36
"Streptococcus_salivarius.t__SGB8007_group","Sex","Female","SexFemale",-0.848037682414236,0,0.656763701018595,0.196621460500671,1,0.354582922271924,0.999987886044395,NA,"prevalence",80,36
"Streptococcus_salivarius.t__SGB8007_group","Termness","term","Termnessterm",0.968735528731807,0,0.977894236747487,0.3218642047268,1,0.540131843169184,0.999987886044395,NA,"prevalence",80,36
"Streptococcus_vestibularis.t__SGB8003","acetate","acetate","acetate",0.0463562302363014,0,0.266938990267534,0.86213383760165,1,0.753090772275966,0.999987886044395,NA,"prevalence",80,21
"Streptococcus_vestibularis.t__SGB8003","Antibiotics","Yes","AntibioticsYes",-0.88105591350593,0,0.979567041393677,0.368421529825018,1,0.601108636011429,0.999987886044395,NA,"prevalence",80,21
"Streptococcus_vestibularis.t__SGB8003","butyrate","butyrate","butyrate",-0.0776732593693525,0,0.289559310828528,0.788509616959987,1,0.326935125499364,0.999987886044395,NA,"prevalence",80,21
"Streptococcus_vestibularis.t__SGB8003","Delivery_mode","C-section","Delivery_modeC-section",-0.497951519663317,0,0.63987569972994,0.436450886405728,1,0.68241239656711,0.999987886044395,NA,"prevalence",80,21
"Streptococcus_vestibularis.t__SGB8003","Ethnicity","European","EthnicityEuropean",-0.618450790953376,0,0.597352321442761,0.300519503950737,1,0.510727035646677,0.999987886044395,NA,"prevalence",80,21
"Streptococcus_vestibularis.t__SGB8003","Feeding_method","Breastfed","Feeding_methodBreastfed",-0.178753987619411,0,0.579817853911616,0.757859126968273,1,0.941367797607433,0.999987886044395,NA,"prevalence",80,21
"Streptococcus_vestibularis.t__SGB8003","isobutyrate","isobutyrate","isobutyrate",-0.0782831239242922,0,0.290929649822946,0.7878687191514,1,0.808139525658338,0.999987886044395,NA,"prevalence",80,21
"Streptococcus_vestibularis.t__SGB8003","Probiotics","Yes","ProbioticsYes",-0.8469067704408,0,1.1082543641792,0.444759472369684,1,0.691707956476808,0.999987886044395,NA,"prevalence",80,21
"Streptococcus_vestibularis.t__SGB8003","propionate","propionate","propionate",-0.0270251598816329,0,0.283307895844816,0.924003882069133,1,0.965766732401887,0.999987886044395,NA,"prevalence",80,21
"Streptococcus_vestibularis.t__SGB8003","Read_depth","Read_depth","Read_depth",0.23987282320036,0,0.291025350058967,0.409806934090829,1,0.651672144952733,0.999987886044395,NA,"prevalence",80,21
"Streptococcus_vestibularis.t__SGB8003","Sex","Female","SexFemale",0.0487108138485299,0,0.562893506238385,0.931039970400585,1,0.87417295886133,0.999987886044395,NA,"prevalence",80,21
"Streptococcus_vestibularis.t__SGB8003","Termness","term","Termnessterm",0.072758566486537,0,0.967370885443873,0.940045487823569,1,0.987493311207611,0.999987886044395,NA,"prevalence",80,21
"Veillonella_atypica.t__SGB6936","acetate","acetate","acetate",0.0345312974595348,0,0.28283200952497,0.902826796672637,1,0.858524518253395,0.999987886044395,NA,"prevalence",80,23
"Veillonella_atypica.t__SGB6936","Antibiotics","Yes","AntibioticsYes",-0.910028331984892,0,0.955197619558792,0.340735959907495,1,0.565370925440908,0.999987886044395,NA,"prevalence",80,23
"Veillonella_atypica.t__SGB6936","butyrate","butyrate","butyrate",-0.161224070646679,0,0.376497858103951,0.668490651366289,1,0.890101551768453,0.999987886044395,NA,"prevalence",80,23
"Veillonella_atypica.t__SGB6936","Delivery_mode","C-section","Delivery_modeC-section",0.0474342895764588,0,0.6701812629002,0.943574203667205,1,0.853269970406118,0.999987886044395,NA,"prevalence",80,23
"Veillonella_atypica.t__SGB6936","Ethnicity","European","EthnicityEuropean",-0.428460273635295,0,0.611130752194364,0.483244180865528,1,0.732963423390661,0.999987886044395,NA,"prevalence",80,23
"Veillonella_atypica.t__SGB6936","Feeding_method","Breastfed","Feeding_methodBreastfed",-0.406533188885855,0,0.58492068666401,0.487041039438164,1,0.736873104779321,0.999987886044395,NA,"prevalence",80,23
"Veillonella_atypica.t__SGB6936","isobutyrate","isobutyrate","isobutyrate",-0.689697806412465,0,0.536657340832142,0.198731653043115,1,0.35796903616498,0.999987886044395,NA,"prevalence",80,23
"Veillonella_atypica.t__SGB6936","Probiotics","Yes","ProbioticsYes",-0.787116829894315,0,1.09469224922433,0.472122288085666,1,0.721345121264087,0.999987886044395,NA,"prevalence",80,23
"Veillonella_atypica.t__SGB6936","propionate","propionate","propionate",0.56097618002523,0,0.285526895144529,0.0494483659735634,1,0.0964515910496713,0.999987886044395,NA,"prevalence",80,23
"Veillonella_atypica.t__SGB6936","Read_depth","Read_depth","Read_depth",-0.124167463789789,0,0.254558993538687,0.625709358323421,1,0.859906515553335,0.999987886044395,NA,"prevalence",80,23
"Veillonella_atypica.t__SGB6936","Sex","Female","SexFemale",-0.166079538449774,0,0.574331859744366,0.772451295379919,1,0.828917662144989,0.999987886044395,NA,"prevalence",80,23
"Veillonella_atypica.t__SGB6936","Termness","term","Termnessterm",0.598522977334549,0,0.969088980803713,0.536829775995554,1,0.785473343595671,0.999987886044395,NA,"prevalence",80,23
"Veillonella_dispar.t__SGB6952","acetate","acetate","acetate",0.116589458378254,0,0.289537044293108,0.687186999605162,1,0.522710910787346,0.999987886044395,NA,"prevalence",80,25
"Veillonella_dispar.t__SGB6952","Antibiotics","Yes","AntibioticsYes",-0.290236947501662,0,1.10623603921197,0.793040521261594,1,0.847827322729531,0.999987886044395,NA,"prevalence",80,25
"Veillonella_dispar.t__SGB6952","butyrate","butyrate","butyrate",0.0196678152254105,0,0.277110664472526,0.943417980357809,1,0.996798475053211,0.999987886044395,NA,"prevalence",80,25
"Veillonella_dispar.t__SGB6952","Delivery_mode","C-section","Delivery_modeC-section",0.6639833546436,0,0.684635918324526,0.332129123362617,1,0.553948492139613,0.999987886044395,NA,"prevalence",80,25
"Veillonella_dispar.t__SGB6952","Ethnicity","European","EthnicityEuropean",-0.509565769868403,0,0.619815352155371,0.411005690919008,1,0.653085703870205,0.999987886044395,NA,"prevalence",80,25
"Veillonella_dispar.t__SGB6952","Feeding_method","Breastfed","Feeding_methodBreastfed",0.616118803346368,0,0.623438395557446,0.323025664079694,1,0.541705748505261,0.999987886044395,NA,"prevalence",80,25
"Veillonella_dispar.t__SGB6952","isobutyrate","isobutyrate","isobutyrate",-0.194657547606016,0,0.271484825242383,0.47336744213342,1,0.722658148994903,0.999987886044395,NA,"prevalence",80,25
"Veillonella_dispar.t__SGB6952","Probiotics","Yes","ProbioticsYes",-1.70709139143372,0,1.17073646697815,0.144803436264761,1,0.225517464075907,0.999987886044395,NA,"prevalence",80,25
"Veillonella_dispar.t__SGB6952","propionate","propionate","propionate",0.51523342572308,0,0.306611683418246,0.0928775166998495,1,0.177128800291368,0.999987886044395,NA,"prevalence",80,25
"Veillonella_dispar.t__SGB6952","Read_depth","Read_depth","Read_depth",0.347443842212207,0,0.30114693656736,0.248608719187568,1,0.28558482487362,0.999987886044395,NA,"prevalence",80,25
"Veillonella_dispar.t__SGB6952","Sex","Female","SexFemale",-0.487864013414196,0,0.601744618108161,0.417509669252948,1,0.461718831580994,0.999987886044395,NA,"prevalence",80,25
"Veillonella_dispar.t__SGB6952","Termness","term","Termnessterm",0.790210054223202,0,0.966576643090101,0.413622863517954,1,0.649127738782902,0.999987886044395,NA,"prevalence",80,25
"Veillonella_parvula.t__SGB6939","acetate","acetate","acetate",-0.0833399139446304,0,0.272519323557241,0.759747135846501,1,0.94227856126604,0.999987886044395,NA,"prevalence",80,32
"Veillonella_parvula.t__SGB6939","Antibiotics","Yes","AntibioticsYes",-0.0262846069386371,0,0.879332718355887,0.976153554920303,1,0.999431347057061,0.999987886044395,NA,"prevalence",80,32
"Veillonella_parvula.t__SGB6939","butyrate","butyrate","butyrate",-0.374016911651616,0,0.458713754263743,0.414866192501722,1,0.657618427322568,0.999987886044395,NA,"prevalence",80,32
"Veillonella_parvula.t__SGB6939","Delivery_mode","C-section","Delivery_modeC-section",2.57737848758675,0,0.830971542005714,0.00192448783817001,1,0.00384527202290076,0.999987886044395,NA,"prevalence",80,32
"Veillonella_parvula.t__SGB6939","Ethnicity","European","EthnicityEuropean",0.0783949718704959,0,0.599180888306896,0.895904329393028,1,0.938025380418437,0.999987886044395,NA,"prevalence",80,32
"Veillonella_parvula.t__SGB6939","Feeding_method","Breastfed","Feeding_methodBreastfed",-0.856365630238967,0,0.592657655854499,0.148469584105464,1,0.274895950806478,0.999987886044395,NA,"prevalence",80,32
"Veillonella_parvula.t__SGB6939","isobutyrate","isobutyrate","isobutyrate",-0.855737951891547,0,0.515220115402509,0.0967300771520844,1,0.184103446478321,0.999987886044395,NA,"prevalence",80,32
"Veillonella_parvula.t__SGB6939","Probiotics","Yes","ProbioticsYes",-1.37532007825803,0,1.12986956120776,0.223513705200159,1,0.397069033988015,0.999987886044395,NA,"prevalence",80,32
"Veillonella_parvula.t__SGB6939","propionate","propionate","propionate",0.95366194788128,0,0.380024992620011,0.0120911918462616,1,0.02403618677226,0.999987886044395,NA,"prevalence",80,32
"Veillonella_parvula.t__SGB6939","Read_depth","Read_depth","Read_depth",0.300704515765668,0,0.266082058590705,0.258425885509114,1,0.450067832717058,0.999987886044395,NA,"prevalence",80,32
"Veillonella_parvula.t__SGB6939","Sex","Female","SexFemale",0.856810833264281,0,0.563146416369614,0.128141731507835,1,0.239863159661843,0.999987886044395,NA,"prevalence",80,32
"Veillonella_parvula.t__SGB6939","Termness","term","Termnessterm",0.760632880488848,0,1.02426046757803,0.457713803215045,1,0.705925680776509,0.999987886044395,NA,"prevalence",80,32
